Name,CreatedBy,CreatedOn,Category,ComponentNames,ExtSystem,ExtObject,ExtIdentifier,Description,,,,,,,,,,
HVAC,bill.east@us.army.mil,2013-12-30T08:57:57,21-51 51 16: Air Distribution,Supply Diffuser 600 Face- 850556,"Autodesk Revit 2014, Build: 20131024_2115(x64)",Autodesk.Revit.DB.Mechanical.MechanicalSystem,8c770c23-0820-4a66-8dd9-174c48c89e53-000e1448,HVAC System Overall,,,,,,,,,,
HVAC,bill.east@us.army.mil,2013-12-30T08:57:57,21-51 51 16: Air Distribution,Supply Diffuser 600 Face- 850557,"Autodesk Revit 2014, Build: 20131024_2115(x64)",Autodesk.Revit.DB.Mechanical.MechanicalSystem,8c770c23-0820-4a66-8dd9-174c48c89e53-000e1448,HVAC System Overall,,,,,,,,,,
HVAC,bill.east@us.army.mil,2013-12-30T08:57:57,21-51 51 16: Air Distribution,Supply Diffuser 600 Face- 850558,"Autodesk Revit 2014, Build: 20131024_2115(x64)",Autodesk.Revit.DB.Mechanical.MechanicalSystem,8c770c23-0820-4a66-8dd9-174c48c89e53-000e1448,HVAC System Overall,,,,,,,,,,
HVAC,bill.east@us.army.mil,2013-12-30T08:57:57,21-51 51 16: Air Distribution,Supply Diffuser 600 Face- 850559,"Autodesk Revit 2014, Build: 20131024_2115(x64)",Autodesk.Revit.DB.Mechanical.MechanicalSystem,8c770c23-0820-4a66-8dd9-174c48c89e53-000e1448,HVAC System Overall,,,,,,,,,,
HVAC,bill.east@us.army.mil,2013-12-30T08:57:57,21-51 51 16: Air Distribution,Supply Diffuser 600 Face- 850560,"Autodesk Revit 2014, Build: 20131024_2115(x64)",Autodesk.Revit.DB.Mechanical.MechanicalSystem,8c770c23-0820-4a66-8dd9-174c48c89e53-000e1448,HVAC System Overall,,,,,,,,,,
HVAC,bill.east@us.army.mil,2013-12-30T08:57:57,21-51 51 16: Air Distribution,Supply Diffuser 600 Face- 850561,"Autodesk Revit 2014, Build: 20131024_2115(x64)",Autodesk.Revit.DB.Mechanical.MechanicalSystem,8c770c23-0820-4a66-8dd9-174c48c89e53-000e1448,HVAC System Overall,,,,,,,,,,
HVAC,bill.east@us.army.mil,2013-12-30T08:57:57,21-51 51 16: Air Distribution,Supply Diffuser 600 Face- 850562,"Autodesk Revit 2014, Build: 20131024_2115(x64)",Autodesk.Revit.DB.Mechanical.MechanicalSystem,8c770c23-0820-4a66-8dd9-174c48c89e53-000e1448,HVAC System Overall,,,,,,,,,,
HVAC,bill.east@us.army.mil,2013-12-30T08:57:57,21-51 51 16: Air Distribution,Supply Diffuser 600 Face- 850563,"Autodesk Revit 2014, Build: 20131024_2115(x64)",Autodesk.Revit.DB.Mechanical.MechanicalSystem,8c770c23-0820-4a66-8dd9-174c48c89e53-000e1448,HVAC System Overall,,,,,,,,,,
HVAC,bill.east@us.army.mil,2013-12-30T08:57:57,21-51 51 16: Air Distribution,Supply Diffuser 600 Face- 850564,"Autodesk Revit 2014, Build: 20131024_2115(x64)",Autodesk.Revit.DB.Mechanical.MechanicalSystem,8c770c23-0820-4a66-8dd9-174c48c89e53-000e1448,HVAC System Overall,,,,,,,,,,
HVAC,bill.east@us.army.mil,2013-12-30T08:57:57,21-51 51 16: Air Distribution,Supply Diffuser 600 Face- 850565,"Autodesk Revit 2014, Build: 20131024_2115(x64)",Autodesk.Revit.DB.Mechanical.MechanicalSystem,8c770c23-0820-4a66-8dd9-174c48c89e53-000e1448,HVAC System Overall,,,,,,,,,,
HVAC,bill.east@us.army.mil,2013-12-30T08:57:57,21-51 51 16: Air Distribution,Supply Diffuser 600 Face- 850566,"Autodesk Revit 2014, Build: 20131024_2115(x64)",Autodesk.Revit.DB.Mechanical.MechanicalSystem,8c770c23-0820-4a66-8dd9-174c48c89e53-000e1448,HVAC System Overall,,,,,,,,,,
HVAC,bill.east@us.army.mil,2013-12-30T08:57:57,21-51 51 16: Air Distribution,Supply Diffuser 600 Face- 850567,"Autodesk Revit 2014, Build: 20131024_2115(x64)",Autodesk.Revit.DB.Mechanical.MechanicalSystem,8c770c23-0820-4a66-8dd9-174c48c89e53-000e1448,HVAC System Overall,,,,,,,,,,
HVAC,bill.east@us.army.mil,2013-12-30T08:57:57,21-51 51 16: Air Distribution,Supply Diffuser 600 Face- 850568,"Autodesk Revit 2014, Build: 20131024_2115(x64)",Autodesk.Revit.DB.Mechanical.MechanicalSystem,8c770c23-0820-4a66-8dd9-174c48c89e53-000e1448,HVAC System Overall,,,,,,,,,,
HVAC,bill.east@us.army.mil,2013-12-30T08:57:57,21-51 51 16: Air Distribution,Supply Diffuser 600 Face- 850569,"Autodesk Revit 2014, Build: 20131024_2115(x64)",Autodesk.Revit.DB.Mechanical.MechanicalSystem,8c770c23-0820-4a66-8dd9-174c48c89e53-000e1448,HVAC System Overall,,,,,,,,,,
HVAC,bill.east@us.army.mil,2013-12-30T08:57:57,21-51 51 16: Air Distribution,Supply Diffuser 600 Face- 850570,"Autodesk Revit 2014, Build: 20131024_2115(x64)",Autodesk.Revit.DB.Mechanical.MechanicalSystem,8c770c23-0820-4a66-8dd9-174c48c89e53-000e1448,HVAC System Overall,,,,,,,,,,
HVAC,bill.east@us.army.mil,2013-12-30T08:57:57,21-51 51 16: Air Distribution,Supply Diffuser 600 Face- 850571,"Autodesk Revit 2014, Build: 20131024_2115(x64)",Autodesk.Revit.DB.Mechanical.MechanicalSystem,8c770c23-0820-4a66-8dd9-174c48c89e53-000e1448,HVAC System Overall,,,,,,,,,,
HVAC,bill.east@us.army.mil,2013-12-30T08:57:57,21-51 51 16: Air Distribution,Supply Diffuser 600 Face- 850572,"Autodesk Revit 2014, Build: 20131024_2115(x64)",Autodesk.Revit.DB.Mechanical.MechanicalSystem,8c770c23-0820-4a66-8dd9-174c48c89e53-000e1448,HVAC System Overall,,,,,,,,,,
HVAC,bill.east@us.army.mil,2013-12-30T08:57:57,21-51 51 16: Air Distribution,Supply Diffuser 600 Face- 850573,"Autodesk Revit 2014, Build: 20131024_2115(x64)",Autodesk.Revit.DB.Mechanical.MechanicalSystem,8c770c23-0820-4a66-8dd9-174c48c89e53-000e1448,HVAC System Overall,,,,,,,,,,
HVAC,bill.east@us.army.mil,2013-12-30T08:57:57,21-51 51 16: Air Distribution,Supply Diffuser 600 Face- 850574,"Autodesk Revit 2014, Build: 20131024_2115(x64)",Autodesk.Revit.DB.Mechanical.MechanicalSystem,8c770c23-0820-4a66-8dd9-174c48c89e53-000e1448,HVAC System Overall,,,,,,,,,,
HVAC,bill.east@us.army.mil,2013-12-30T08:57:57,21-51 51 16: Air Distribution,Supply Diffuser 600 Face- 850575,"Autodesk Revit 2014, Build: 20131024_2115(x64)",Autodesk.Revit.DB.Mechanical.MechanicalSystem,8c770c23-0820-4a66-8dd9-174c48c89e53-000e1448,HVAC System Overall,,,,,,,,,,
HVAC,bill.east@us.army.mil,2013-12-30T08:57:57,21-51 51 16: Air Distribution,Supply Diffuser 600 Face- 850576,"Autodesk Revit 2014, Build: 20131024_2115(x64)",Autodesk.Revit.DB.Mechanical.MechanicalSystem,8c770c23-0820-4a66-8dd9-174c48c89e53-000e1448,HVAC System Overall,,,,,,,,,,
HVAC,bill.east@us.army.mil,2013-12-30T08:57:57,21-51 51 16: Air Distribution,Supply Diffuser 600 Face- 850577,"Autodesk Revit 2014, Build: 20131024_2115(x64)",Autodesk.Revit.DB.Mechanical.MechanicalSystem,8c770c23-0820-4a66-8dd9-174c48c89e53-000e1448,HVAC System Overall,,,,,,,,,,
HVAC,bill.east@us.army.mil,2013-12-30T08:57:57,21-51 51 16: Air Distribution,Supply Diffuser 600 Face- 850578,"Autodesk Revit 2014, Build: 20131024_2115(x64)",Autodesk.Revit.DB.Mechanical.MechanicalSystem,8c770c23-0820-4a66-8dd9-174c48c89e53-000e1448,HVAC System Overall,,,,,,,,,,
HVAC,bill.east@us.army.mil,2013-12-30T08:57:57,21-51 51 16: Air Distribution,Supply Diffuser 600 Face- 850579,"Autodesk Revit 2014, Build: 20131024_2115(x64)",Autodesk.Revit.DB.Mechanical.MechanicalSystem,8c770c23-0820-4a66-8dd9-174c48c89e53-000e1448,HVAC System Overall,,,,,,,,,,
HVAC,bill.east@us.army.mil,2013-12-30T08:57:57,21-51 51 16: Air Distribution,Supply Diffuser 600 Face- 850580,"Autodesk Revit 2014, Build: 20131024_2115(x64)",Autodesk.Revit.DB.Mechanical.MechanicalSystem,8c770c23-0820-4a66-8dd9-174c48c89e53-000e1448,HVAC System Overall,,,,,,,,,,
HVAC,bill.east@us.army.mil,2013-12-30T08:57:57,21-51 51 16: Air Distribution,Supply Diffuser 600 Face- 850581,"Autodesk Revit 2014, Build: 20131024_2115(x64)",Autodesk.Revit.DB.Mechanical.MechanicalSystem,8c770c23-0820-4a66-8dd9-174c48c89e53-000e1448,HVAC System Overall,,,,,,,,,,
HVAC,bill.east@us.army.mil,2013-12-30T08:57:57,21-51 51 16: Air Distribution,Supply Diffuser 600 Face- 850582,"Autodesk Revit 2014, Build: 20131024_2115(x64)",Autodesk.Revit.DB.Mechanical.MechanicalSystem,8c770c23-0820-4a66-8dd9-174c48c89e53-000e1448,HVAC System Overall,,,,,,,,,,
HVAC,bill.east@us.army.mil,2013-12-30T08:57:57,21-51 51 16: Air Distribution,Supply Diffuser 600 Face- 850584,"Autodesk Revit 2014, Build: 20131024_2115(x64)",Autodesk.Revit.DB.Mechanical.MechanicalSystem,8c770c23-0820-4a66-8dd9-174c48c89e53-000e1448,HVAC System Overall,,,,,,,,,,
HVAC,bill.east@us.army.mil,2013-12-30T08:57:57,21-51 51 16: Air Distribution,Supply Diffuser 600 Face- 850585,"Autodesk Revit 2014, Build: 20131024_2115(x64)",Autodesk.Revit.DB.Mechanical.MechanicalSystem,8c770c23-0820-4a66-8dd9-174c48c89e53-000e1448,HVAC System Overall,,,,,,,,,,
HVAC,bill.east@us.army.mil,2013-12-30T08:57:57,21-51 51 16: Air Distribution,Supply Diffuser 600 Face- 850586,"Autodesk Revit 2014, Build: 20131024_2115(x64)",Autodesk.Revit.DB.Mechanical.MechanicalSystem,8c770c23-0820-4a66-8dd9-174c48c89e53-000e1448,HVAC System Overall,,,,,,,,,,
HVAC,bill.east@us.army.mil,2013-12-30T08:57:57,21-51 51 16: Air Distribution,Supply Diffuser 600 Face- 850587,"Autodesk Revit 2014, Build: 20131024_2115(x64)",Autodesk.Revit.DB.Mechanical.MechanicalSystem,8c770c23-0820-4a66-8dd9-174c48c89e53-000e1448,HVAC System Overall,,,,,,,,,,
HVAC,bill.east@us.army.mil,2013-12-30T08:57:57,21-51 51 16: Air Distribution,Supply Diffuser 600 Face- 850589,"Autodesk Revit 2014, Build: 20131024_2115(x64)",Autodesk.Revit.DB.Mechanical.MechanicalSystem,8c770c23-0820-4a66-8dd9-174c48c89e53-000e1448,HVAC System Overall,,,,,,,,,,
HVAC,bill.east@us.army.mil,2013-12-30T08:57:57,21-51 51 16: Air Distribution,Supply Diffuser 600 Face- 850590,"Autodesk Revit 2014, Build: 20131024_2115(x64)",Autodesk.Revit.DB.Mechanical.MechanicalSystem,8c770c23-0820-4a66-8dd9-174c48c89e53-000e1448,HVAC System Overall,,,,,,,,,,
HVAC,bill.east@us.army.mil,2013-12-30T08:57:57,21-51 51 16: Air Distribution,Supply Diffuser 600 Face- 850591,"Autodesk Revit 2014, Build: 20131024_2115(x64)",Autodesk.Revit.DB.Mechanical.MechanicalSystem,8c770c23-0820-4a66-8dd9-174c48c89e53-000e1448,HVAC System Overall,,,,,,,,,,
HVAC,bill.east@us.army.mil,2013-12-30T08:57:57,21-51 51 16: Air Distribution,Supply Diffuser 600 Face- 850592,"Autodesk Revit 2014, Build: 20131024_2115(x64)",Autodesk.Revit.DB.Mechanical.MechanicalSystem,8c770c23-0820-4a66-8dd9-174c48c89e53-000e1448,HVAC System Overall,,,,,,,,,,
HVAC,bill.east@us.army.mil,2013-12-30T08:57:57,21-51 51 16: Air Distribution,Supply Diffuser 600 Face- 850593,"Autodesk Revit 2014, Build: 20131024_2115(x64)",Autodesk.Revit.DB.Mechanical.MechanicalSystem,8c770c23-0820-4a66-8dd9-174c48c89e53-000e1448,HVAC System Overall,,,,,,,,,,
HVAC,bill.east@us.army.mil,2013-12-30T08:57:57,21-51 51 16: Air Distribution,Supply Diffuser 600 Face- 850594,"Autodesk Revit 2014, Build: 20131024_2115(x64)",Autodesk.Revit.DB.Mechanical.MechanicalSystem,8c770c23-0820-4a66-8dd9-174c48c89e53-000e1448,HVAC System Overall,,,,,,,,,,
HVAC,bill.east@us.army.mil,2013-12-30T08:57:57,21-51 51 16: Air Distribution,Supply Diffuser 600 Face- 850595,"Autodesk Revit 2014, Build: 20131024_2115(x64)",Autodesk.Revit.DB.Mechanical.MechanicalSystem,8c770c23-0820-4a66-8dd9-174c48c89e53-000e1448,HVAC System Overall,,,,,,,,,,
HVAC,bill.east@us.army.mil,2013-12-30T08:57:57,21-51 51 16: Air Distribution,Supply Diffuser 600 Face- 850596,"Autodesk Revit 2014, Build: 20131024_2115(x64)",Autodesk.Revit.DB.Mechanical.MechanicalSystem,8c770c23-0820-4a66-8dd9-174c48c89e53-000e1448,HVAC System Overall,,,,,,,,,,
HVAC,bill.east@us.army.mil,2013-12-30T08:57:57,21-51 51 16: Air Distribution,Supply Diffuser 600 Face- 850597,"Autodesk Revit 2014, Build: 20131024_2115(x64)",Autodesk.Revit.DB.Mechanical.MechanicalSystem,8c770c23-0820-4a66-8dd9-174c48c89e53-000e1448,HVAC System Overall,,,,,,,,,,
HVAC,bill.east@us.army.mil,2013-12-30T08:57:57,21-51 51 16: Air Distribution,Supply Diffuser 600 Face- 850602,"Autodesk Revit 2014, Build: 20131024_2115(x64)",Autodesk.Revit.DB.Mechanical.MechanicalSystem,8c770c23-0820-4a66-8dd9-174c48c89e53-000e1448,HVAC System Overall,,,,,,,,,,
HVAC,bill.east@us.army.mil,2013-12-30T08:57:57,21-51 51 16: Air Distribution,Supply Diffuser 600 Face- 850603,"Autodesk Revit 2014, Build: 20131024_2115(x64)",Autodesk.Revit.DB.Mechanical.MechanicalSystem,8c770c23-0820-4a66-8dd9-174c48c89e53-000e1448,HVAC System Overall,,,,,,,,,,
HVAC,bill.east@us.army.mil,2013-12-30T08:57:57,21-51 51 16: Air Distribution,Supply Diffuser 600 Face- 850605,"Autodesk Revit 2014, Build: 20131024_2115(x64)",Autodesk.Revit.DB.Mechanical.MechanicalSystem,8c770c23-0820-4a66-8dd9-174c48c89e53-000e1448,HVAC System Overall,,,,,,,,,,
HVAC,bill.east@us.army.mil,2013-12-30T08:57:57,21-51 51 16: Air Distribution,Supply Diffuser 600 Face- 850606,"Autodesk Revit 2014, Build: 20131024_2115(x64)",Autodesk.Revit.DB.Mechanical.MechanicalSystem,8c770c23-0820-4a66-8dd9-174c48c89e53-000e1448,HVAC System Overall,,,,,,,,,,
HVAC,bill.east@us.army.mil,2013-12-30T08:57:57,21-51 51 16: Air Distribution,Supply Diffuser 600 Face- 850628,"Autodesk Revit 2014, Build: 20131024_2115(x64)",Autodesk.Revit.DB.Mechanical.MechanicalSystem,8c770c23-0820-4a66-8dd9-174c48c89e53-000e1448,HVAC System Overall,,,,,,,,,,
HVAC,bill.east@us.army.mil,2013-12-30T08:57:57,21-51 51 16: Air Distribution,Supply Diffuser 600 Face- 850629,"Autodesk Revit 2014, Build: 20131024_2115(x64)",Autodesk.Revit.DB.Mechanical.MechanicalSystem,8c770c23-0820-4a66-8dd9-174c48c89e53-000e1448,HVAC System Overall,,,,,,,,,,
HVAC,bill.east@us.army.mil,2013-12-30T08:57:57,21-51 51 16: Air Distribution,Supply Diffuser 600 Face- 850630,"Autodesk Revit 2014, Build: 20131024_2115(x64)",Autodesk.Revit.DB.Mechanical.MechanicalSystem,8c770c23-0820-4a66-8dd9-174c48c89e53-000e1448,HVAC System Overall,,,,,,,,,,
HVAC,bill.east@us.army.mil,2013-12-30T08:57:57,21-51 51 16: Air Distribution,Supply Diffuser 600 Face- 850632,"Autodesk Revit 2014, Build: 20131024_2115(x64)",Autodesk.Revit.DB.Mechanical.MechanicalSystem,8c770c23-0820-4a66-8dd9-174c48c89e53-000e1448,HVAC System Overall,,,,,,,,,,
HVAC,bill.east@us.army.mil,2013-12-30T08:57:57,21-51 51 16: Air Distribution,Supply Diffuser 600 Face- 850633,"Autodesk Revit 2014, Build: 20131024_2115(x64)",Autodesk.Revit.DB.Mechanical.MechanicalSystem,8c770c23-0820-4a66-8dd9-174c48c89e53-000e1448,HVAC System Overall,,,,,,,,,,
HVAC,bill.east@us.army.mil,2013-12-30T08:57:57,21-51 51 16: Air Distribution,Supply Diffuser 600 Face- 850634,"Autodesk Revit 2014, Build: 20131024_2115(x64)",Autodesk.Revit.DB.Mechanical.MechanicalSystem,8c770c23-0820-4a66-8dd9-174c48c89e53-000e1448,HVAC System Overall,,,,,,,,,,
HVAC,bill.east@us.army.mil,2013-12-30T08:57:57,21-51 51 16: Air Distribution,Supply Diffuser 600 Face- 850635,"Autodesk Revit 2014, Build: 20131024_2115(x64)",Autodesk.Revit.DB.Mechanical.MechanicalSystem,8c770c23-0820-4a66-8dd9-174c48c89e53-000e1448,HVAC System Overall,,,,,,,,,,
HVAC,bill.east@us.army.mil,2013-12-30T08:57:57,21-51 51 16: Air Distribution,Supply Diffuser 600 Face- 850636,"Autodesk Revit 2014, Build: 20131024_2115(x64)",Autodesk.Revit.DB.Mechanical.MechanicalSystem,8c770c23-0820-4a66-8dd9-174c48c89e53-000e1448,HVAC System Overall,,,,,,,,,,
HVAC,bill.east@us.army.mil,2013-12-30T08:57:57,21-51 51 16: Air Distribution,Supply Diffuser 600 Face- 850637,"Autodesk Revit 2014, Build: 20131024_2115(x64)",Autodesk.Revit.DB.Mechanical.MechanicalSystem,8c770c23-0820-4a66-8dd9-174c48c89e53-000e1448,HVAC System Overall,,,,,,,,,,
HVAC,bill.east@us.army.mil,2013-12-30T08:57:57,21-51 51 16: Air Distribution,Supply Diffuser 600 Face- 850638,"Autodesk Revit 2014, Build: 20131024_2115(x64)",Autodesk.Revit.DB.Mechanical.MechanicalSystem,8c770c23-0820-4a66-8dd9-174c48c89e53-000e1448,HVAC System Overall,,,,,,,,,,
HVAC,bill.east@us.army.mil,2013-12-30T08:57:57,21-51 51 16: Air Distribution,Supply Diffuser 600 Face- 850639,"Autodesk Revit 2014, Build: 20131024_2115(x64)",Autodesk.Revit.DB.Mechanical.MechanicalSystem,8c770c23-0820-4a66-8dd9-174c48c89e53-000e1448,HVAC System Overall,,,,,,,,,,
HVAC,bill.east@us.army.mil,2013-12-30T08:57:57,21-51 51 16: Air Distribution,Supply Diffuser 600 Face- 850640,"Autodesk Revit 2014, Build: 20131024_2115(x64)",Autodesk.Revit.DB.Mechanical.MechanicalSystem,8c770c23-0820-4a66-8dd9-174c48c89e53-000e1448,HVAC System Overall,,,,,,,,,,
HVAC,bill.east@us.army.mil,2013-12-30T08:57:57,21-51 51 16: Air Distribution,Supply Diffuser 600 Face- 850641,"Autodesk Revit 2014, Build: 20131024_2115(x64)",Autodesk.Revit.DB.Mechanical.MechanicalSystem,8c770c23-0820-4a66-8dd9-174c48c89e53-000e1448,HVAC System Overall,,,,,,,,,,
HVAC,bill.east@us.army.mil,2013-12-30T08:57:57,21-51 51 16: Air Distribution,Supply Diffuser 600 Face- 850642,"Autodesk Revit 2014, Build: 20131024_2115(x64)",Autodesk.Revit.DB.Mechanical.MechanicalSystem,8c770c23-0820-4a66-8dd9-174c48c89e53-000e1448,HVAC System Overall,,,,,,,,,,
HVAC,bill.east@us.army.mil,2013-12-30T08:57:57,21-51 51 16: Air Distribution,Supply Diffuser 600 Face- 850643,"Autodesk Revit 2014, Build: 20131024_2115(x64)",Autodesk.Revit.DB.Mechanical.MechanicalSystem,8c770c23-0820-4a66-8dd9-174c48c89e53-000e1448,HVAC System Overall,,,,,,,,,,
HVAC,bill.east@us.army.mil,2013-12-30T08:57:57,21-51 51 16: Air Distribution,Supply Diffuser 600 Face- 850644,"Autodesk Revit 2014, Build: 20131024_2115(x64)",Autodesk.Revit.DB.Mechanical.MechanicalSystem,8c770c23-0820-4a66-8dd9-174c48c89e53-000e1448,HVAC System Overall,,,,,,,,,,
HVAC,bill.east@us.army.mil,2013-12-30T08:57:57,21-51 51 16: Air Distribution,Supply Diffuser 600 Face- 850645,"Autodesk Revit 2014, Build: 20131024_2115(x64)",Autodesk.Revit.DB.Mechanical.MechanicalSystem,8c770c23-0820-4a66-8dd9-174c48c89e53-000e1448,HVAC System Overall,,,,,,,,,,
HVAC,bill.east@us.army.mil,2013-12-30T08:57:57,21-51 51 16: Air Distribution,Supply Diffuser 600 Face- 850646,"Autodesk Revit 2014, Build: 20131024_2115(x64)",Autodesk.Revit.DB.Mechanical.MechanicalSystem,8c770c23-0820-4a66-8dd9-174c48c89e53-000e1448,HVAC System Overall,,,,,,,,,,
HVAC,bill.east@us.army.mil,2013-12-30T08:57:57,21-51 51 16: Air Distribution,Supply Diffuser 600 Face- 850647,"Autodesk Revit 2014, Build: 20131024_2115(x64)",Autodesk.Revit.DB.Mechanical.MechanicalSystem,8c770c23-0820-4a66-8dd9-174c48c89e53-000e1448,HVAC System Overall,,,,,,,,,,
HVAC,bill.east@us.army.mil,2013-12-30T08:57:57,21-51 51 16: Air Distribution,Supply Diffuser 600 Face- 850648,"Autodesk Revit 2014, Build: 20131024_2115(x64)",Autodesk.Revit.DB.Mechanical.MechanicalSystem,8c770c23-0820-4a66-8dd9-174c48c89e53-000e1448,HVAC System Overall,,,,,,,,,,
HVAC,bill.east@us.army.mil,2013-12-30T08:57:57,21-51 51 16: Air Distribution,Supply Diffuser 600 Face- 850649,"Autodesk Revit 2014, Build: 20131024_2115(x64)",Autodesk.Revit.DB.Mechanical.MechanicalSystem,8c770c23-0820-4a66-8dd9-174c48c89e53-000e1448,HVAC System Overall,,,,,,,,,,
HVAC,bill.east@us.army.mil,2013-12-30T08:57:57,21-51 51 16: Air Distribution,Supply Diffuser 600 Face- 850650,"Autodesk Revit 2014, Build: 20131024_2115(x64)",Autodesk.Revit.DB.Mechanical.MechanicalSystem,8c770c23-0820-4a66-8dd9-174c48c89e53-000e1448,HVAC System Overall,,,,,,,,,,
HVAC,bill.east@us.army.mil,2013-12-30T08:57:57,21-51 51 16: Air Distribution,Supply Diffuser 600 Face- 850651,"Autodesk Revit 2014, Build: 20131024_2115(x64)",Autodesk.Revit.DB.Mechanical.MechanicalSystem,8c770c23-0820-4a66-8dd9-174c48c89e53-000e1448,HVAC System Overall,,,,,,,,,,
HVAC,bill.east@us.army.mil,2013-12-30T08:57:57,21-51 51 16: Air Distribution,Supply Diffuser 600 Face- 850652,"Autodesk Revit 2014, Build: 20131024_2115(x64)",Autodesk.Revit.DB.Mechanical.MechanicalSystem,8c770c23-0820-4a66-8dd9-174c48c89e53-000e1448,HVAC System Overall,,,,,,,,,,
HVAC,bill.east@us.army.mil,2013-12-30T08:57:57,21-51 51 16: Air Distribution,Supply Diffuser 600 Face- 850653,"Autodesk Revit 2014, Build: 20131024_2115(x64)",Autodesk.Revit.DB.Mechanical.MechanicalSystem,8c770c23-0820-4a66-8dd9-174c48c89e53-000e1448,HVAC System Overall,,,,,,,,,,
HVAC,bill.east@us.army.mil,2013-12-30T08:57:57,21-51 51 16: Air Distribution,Supply Diffuser 600 Face- 850654,"Autodesk Revit 2014, Build: 20131024_2115(x64)",Autodesk.Revit.DB.Mechanical.MechanicalSystem,8c770c23-0820-4a66-8dd9-174c48c89e53-000e1448,HVAC System Overall,,,,,,,,,,
HVAC,bill.east@us.army.mil,2013-12-30T08:57:57,21-51 51 16: Air Distribution,Supply Diffuser 600 Face- 850655,"Autodesk Revit 2014, Build: 20131024_2115(x64)",Autodesk.Revit.DB.Mechanical.MechanicalSystem,8c770c23-0820-4a66-8dd9-174c48c89e53-000e1448,HVAC System Overall,,,,,,,,,,
HVAC,bill.east@us.army.mil,2013-12-30T08:57:57,21-51 51 16: Air Distribution,Supply Diffuser 600 Face- 850656,"Autodesk Revit 2014, Build: 20131024_2115(x64)",Autodesk.Revit.DB.Mechanical.MechanicalSystem,8c770c23-0820-4a66-8dd9-174c48c89e53-000e1448,HVAC System Overall,,,,,,,,,,
HVAC,bill.east@us.army.mil,2013-12-30T08:57:57,21-51 51 16: Air Distribution,Supply Diffuser 600 Face- 850658,"Autodesk Revit 2014, Build: 20131024_2115(x64)",Autodesk.Revit.DB.Mechanical.MechanicalSystem,8c770c23-0820-4a66-8dd9-174c48c89e53-000e1448,HVAC System Overall,,,,,,,,,,
HVAC,bill.east@us.army.mil,2013-12-30T08:57:57,21-51 51 16: Air Distribution,Supply Diffuser 600 Face- 850659,"Autodesk Revit 2014, Build: 20131024_2115(x64)",Autodesk.Revit.DB.Mechanical.MechanicalSystem,8c770c23-0820-4a66-8dd9-174c48c89e53-000e1448,HVAC System Overall,,,,,,,,,,
HVAC,bill.east@us.army.mil,2013-12-30T08:57:57,21-51 51 16: Air Distribution,Supply Diffuser 600 Face- 850660,"Autodesk Revit 2014, Build: 20131024_2115(x64)",Autodesk.Revit.DB.Mechanical.MechanicalSystem,8c770c23-0820-4a66-8dd9-174c48c89e53-000e1448,HVAC System Overall,,,,,,,,,,
HVAC,bill.east@us.army.mil,2013-12-30T08:57:57,21-51 51 16: Air Distribution,Supply Diffuser 600 Face- 850661,"Autodesk Revit 2014, Build: 20131024_2115(x64)",Autodesk.Revit.DB.Mechanical.MechanicalSystem,8c770c23-0820-4a66-8dd9-174c48c89e53-000e1448,HVAC System Overall,,,,,,,,,,
HVAC,bill.east@us.army.mil,2013-12-30T08:57:57,21-51 51 16: Air Distribution,Supply Diffuser 600 Face- 850662,"Autodesk Revit 2014, Build: 20131024_2115(x64)",Autodesk.Revit.DB.Mechanical.MechanicalSystem,8c770c23-0820-4a66-8dd9-174c48c89e53-000e1448,HVAC System Overall,,,,,,,,,,
HVAC,bill.east@us.army.mil,2013-12-30T08:57:57,21-51 51 16: Air Distribution,Supply Diffuser 600 Face- 850663,"Autodesk Revit 2014, Build: 20131024_2115(x64)",Autodesk.Revit.DB.Mechanical.MechanicalSystem,8c770c23-0820-4a66-8dd9-174c48c89e53-000e1448,HVAC System Overall,,,,,,,,,,
HVAC,bill.east@us.army.mil,2013-12-30T08:57:57,21-51 51 16: Air Distribution,Supply Diffuser 600 Face- 850664,"Autodesk Revit 2014, Build: 20131024_2115(x64)",Autodesk.Revit.DB.Mechanical.MechanicalSystem,8c770c23-0820-4a66-8dd9-174c48c89e53-000e1448,HVAC System Overall,,,,,,,,,,
HVAC,bill.east@us.army.mil,2013-12-30T08:57:57,21-51 51 16: Air Distribution,Supply Diffuser 600 Face- 850665,"Autodesk Revit 2014, Build: 20131024_2115(x64)",Autodesk.Revit.DB.Mechanical.MechanicalSystem,8c770c23-0820-4a66-8dd9-174c48c89e53-000e1448,HVAC System Overall,,,,,,,,,,
HVAC,bill.east@us.army.mil,2013-12-30T08:57:57,21-51 51 16: Air Distribution,Supply Diffuser 600 Face- 850666,"Autodesk Revit 2014, Build: 20131024_2115(x64)",Autodesk.Revit.DB.Mechanical.MechanicalSystem,8c770c23-0820-4a66-8dd9-174c48c89e53-000e1448,HVAC System Overall,,,,,,,,,,
HVAC,bill.east@us.army.mil,2013-12-30T08:57:57,21-51 51 16: Air Distribution,Supply Diffuser 600 Face- 850667,"Autodesk Revit 2014, Build: 20131024_2115(x64)",Autodesk.Revit.DB.Mechanical.MechanicalSystem,8c770c23-0820-4a66-8dd9-174c48c89e53-000e1448,HVAC System Overall,,,,,,,,,,
HVAC,bill.east@us.army.mil,2013-12-30T08:57:57,21-51 51 16: Air Distribution,Supply Diffuser 600 Face- 850671,"Autodesk Revit 2014, Build: 20131024_2115(x64)",Autodesk.Revit.DB.Mechanical.MechanicalSystem,8c770c23-0820-4a66-8dd9-174c48c89e53-000e1448,HVAC System Overall,,,,,,,,,,
HVAC,bill.east@us.army.mil,2013-12-30T08:57:57,21-51 51 16: Air Distribution,Supply Diffuser 600 Face- 850674,"Autodesk Revit 2014, Build: 20131024_2115(x64)",Autodesk.Revit.DB.Mechanical.MechanicalSystem,8c770c23-0820-4a66-8dd9-174c48c89e53-000e1448,HVAC System Overall,,,,,,,,,,
HVAC,bill.east@us.army.mil,2013-12-30T08:57:57,21-51 51 16: Air Distribution,Supply Diffuser 600 Face- 850675,"Autodesk Revit 2014, Build: 20131024_2115(x64)",Autodesk.Revit.DB.Mechanical.MechanicalSystem,8c770c23-0820-4a66-8dd9-174c48c89e53-000e1448,HVAC System Overall,,,,,,,,,,
HVAC,bill.east@us.army.mil,2013-12-30T08:57:57,21-51 51 16: Air Distribution,Supply Diffuser 600 Face- 850676,"Autodesk Revit 2014, Build: 20131024_2115(x64)",Autodesk.Revit.DB.Mechanical.MechanicalSystem,8c770c23-0820-4a66-8dd9-174c48c89e53-000e1448,HVAC System Overall,,,,,,,,,,
HVAC,bill.east@us.army.mil,2013-12-30T08:57:57,21-51 51 16: Air Distribution,Supply Diffuser 600 Face- 850677,"Autodesk Revit 2014, Build: 20131024_2115(x64)",Autodesk.Revit.DB.Mechanical.MechanicalSystem,8c770c23-0820-4a66-8dd9-174c48c89e53-000e1448,HVAC System Overall,,,,,,,,,,
HVAC,bill.east@us.army.mil,2013-12-30T08:57:57,21-51 51 16: Air Distribution,Supply Diffuser 600 Face- 850678,"Autodesk Revit 2014, Build: 20131024_2115(x64)",Autodesk.Revit.DB.Mechanical.MechanicalSystem,8c770c23-0820-4a66-8dd9-174c48c89e53-000e1448,HVAC System Overall,,,,,,,,,,
HVAC,bill.east@us.army.mil,2013-12-30T08:57:57,21-51 51 16: Air Distribution,Supply Diffuser 600 Face- 850679,"Autodesk Revit 2014, Build: 20131024_2115(x64)",Autodesk.Revit.DB.Mechanical.MechanicalSystem,8c770c23-0820-4a66-8dd9-174c48c89e53-000e1448,HVAC System Overall,,,,,,,,,,
HVAC,bill.east@us.army.mil,2013-12-30T08:57:57,21-51 51 16: Air Distribution,Supply Diffuser 600 Face- 850680,"Autodesk Revit 2014, Build: 20131024_2115(x64)",Autodesk.Revit.DB.Mechanical.MechanicalSystem,8c770c23-0820-4a66-8dd9-174c48c89e53-000e1448,HVAC System Overall,,,,,,,,,,
HVAC,bill.east@us.army.mil,2013-12-30T08:57:57,21-51 51 16: Air Distribution,Supply Diffuser 600 Face- 850682,"Autodesk Revit 2014, Build: 20131024_2115(x64)",Autodesk.Revit.DB.Mechanical.MechanicalSystem,8c770c23-0820-4a66-8dd9-174c48c89e53-000e1448,HVAC System Overall,,,,,,,,,,
HVAC,bill.east@us.army.mil,2013-12-30T08:57:57,21-51 51 16: Air Distribution,Supply Diffuser 600 Face- 850684,"Autodesk Revit 2014, Build: 20131024_2115(x64)",Autodesk.Revit.DB.Mechanical.MechanicalSystem,8c770c23-0820-4a66-8dd9-174c48c89e53-000e1448,HVAC System Overall,,,,,,,,,,
HVAC,bill.east@us.army.mil,2013-12-30T08:57:57,21-51 51 16: Air Distribution,Supply Diffuser 600 Face- 850685,"Autodesk Revit 2014, Build: 20131024_2115(x64)",Autodesk.Revit.DB.Mechanical.MechanicalSystem,8c770c23-0820-4a66-8dd9-174c48c89e53-000e1448,HVAC System Overall,,,,,,,,,,
HVAC,bill.east@us.army.mil,2013-12-30T08:57:57,21-51 51 16: Air Distribution,Supply Diffuser 600 Face- 850686,"Autodesk Revit 2014, Build: 20131024_2115(x64)",Autodesk.Revit.DB.Mechanical.MechanicalSystem,8c770c23-0820-4a66-8dd9-174c48c89e53-000e1448,HVAC System Overall,,,,,,,,,,
HVAC,bill.east@us.army.mil,2013-12-30T08:57:57,21-51 51 16: Air Distribution,Supply Diffuser 600 Face- 850690,"Autodesk Revit 2014, Build: 20131024_2115(x64)",Autodesk.Revit.DB.Mechanical.MechanicalSystem,8c770c23-0820-4a66-8dd9-174c48c89e53-000e1448,HVAC System Overall,,,,,,,,,,
HVAC,bill.east@us.army.mil,2013-12-30T08:57:57,21-51 51 16: Air Distribution,Supply Diffuser 600 Face- 850692,"Autodesk Revit 2014, Build: 20131024_2115(x64)",Autodesk.Revit.DB.Mechanical.MechanicalSystem,8c770c23-0820-4a66-8dd9-174c48c89e53-000e1448,HVAC System Overall,,,,,,,,,,
HVAC,bill.east@us.army.mil,2013-12-30T08:57:57,21-51 51 16: Air Distribution,Supply Diffuser 600 Face- 850693,"Autodesk Revit 2014, Build: 20131024_2115(x64)",Autodesk.Revit.DB.Mechanical.MechanicalSystem,8c770c23-0820-4a66-8dd9-174c48c89e53-000e1448,HVAC System Overall,,,,,,,,,,
HVAC,bill.east@us.army.mil,2013-12-30T08:57:57,21-51 51 16: Air Distribution,Supply Diffuser 600 Face- 850694,"Autodesk Revit 2014, Build: 20131024_2115(x64)",Autodesk.Revit.DB.Mechanical.MechanicalSystem,8c770c23-0820-4a66-8dd9-174c48c89e53-000e1448,HVAC System Overall,,,,,,,,,,
HVAC,bill.east@us.army.mil,2013-12-30T08:57:57,21-51 51 16: Air Distribution,Supply Diffuser 600 Face- 850695,"Autodesk Revit 2014, Build: 20131024_2115(x64)",Autodesk.Revit.DB.Mechanical.MechanicalSystem,8c770c23-0820-4a66-8dd9-174c48c89e53-000e1448,HVAC System Overall,,,,,,,,,,
HVAC,bill.east@us.army.mil,2013-12-30T08:57:57,21-51 51 16: Air Distribution,Supply Diffuser 600 Face- 850696,"Autodesk Revit 2014, Build: 20131024_2115(x64)",Autodesk.Revit.DB.Mechanical.MechanicalSystem,8c770c23-0820-4a66-8dd9-174c48c89e53-000e1448,HVAC System Overall,,,,,,,,,,
HVAC,bill.east@us.army.mil,2013-12-30T08:57:57,21-51 51 16: Air Distribution,Supply Diffuser 600 Face- 850697,"Autodesk Revit 2014, Build: 20131024_2115(x64)",Autodesk.Revit.DB.Mechanical.MechanicalSystem,8c770c23-0820-4a66-8dd9-174c48c89e53-000e1448,HVAC System Overall,,,,,,,,,,
HVAC,bill.east@us.army.mil,2013-12-30T08:57:57,21-51 51 16: Air Distribution,Supply Diffuser 600 Face- 850698,"Autodesk Revit 2014, Build: 20131024_2115(x64)",Autodesk.Revit.DB.Mechanical.MechanicalSystem,8c770c23-0820-4a66-8dd9-174c48c89e53-000e1448,HVAC System Overall,,,,,,,,,,
HVAC,bill.east@us.army.mil,2013-12-30T08:57:57,21-51 51 16: Air Distribution,Supply Diffuser 600 Face- 850699,"Autodesk Revit 2014, Build: 20131024_2115(x64)",Autodesk.Revit.DB.Mechanical.MechanicalSystem,8c770c23-0820-4a66-8dd9-174c48c89e53-000e1448,HVAC System Overall,,,,,,,,,,
HVAC,bill.east@us.army.mil,2013-12-30T08:57:57,21-51 51 16: Air Distribution,Supply Diffuser 600 Face- 850700,"Autodesk Revit 2014, Build: 20131024_2115(x64)",Autodesk.Revit.DB.Mechanical.MechanicalSystem,8c770c23-0820-4a66-8dd9-174c48c89e53-000e1448,HVAC System Overall,,,,,,,,,,
HVAC,bill.east@us.army.mil,2013-12-30T08:57:57,21-51 51 16: Air Distribution,Supply Diffuser 600 Face- 850701,"Autodesk Revit 2014, Build: 20131024_2115(x64)",Autodesk.Revit.DB.Mechanical.MechanicalSystem,8c770c23-0820-4a66-8dd9-174c48c89e53-000e1448,HVAC System Overall,,,,,,,,,,
HVAC,bill.east@us.army.mil,2013-12-30T08:57:57,21-51 51 16: Air Distribution,Supply Diffuser 600 Face- 850705,"Autodesk Revit 2014, Build: 20131024_2115(x64)",Autodesk.Revit.DB.Mechanical.MechanicalSystem,8c770c23-0820-4a66-8dd9-174c48c89e53-000e1448,HVAC System Overall,,,,,,,,,,
HVAC,bill.east@us.army.mil,2013-12-30T08:57:57,21-51 51 16: Air Distribution,Supply Diffuser 600 Face- 850706,"Autodesk Revit 2014, Build: 20131024_2115(x64)",Autodesk.Revit.DB.Mechanical.MechanicalSystem,8c770c23-0820-4a66-8dd9-174c48c89e53-000e1448,HVAC System Overall,,,,,,,,,,
HVAC,bill.east@us.army.mil,2013-12-30T08:57:57,21-51 51 16: Air Distribution,Supply Diffuser 600 Face- 850707,"Autodesk Revit 2014, Build: 20131024_2115(x64)",Autodesk.Revit.DB.Mechanical.MechanicalSystem,8c770c23-0820-4a66-8dd9-174c48c89e53-000e1448,HVAC System Overall,,,,,,,,,,
HVAC,bill.east@us.army.mil,2013-12-30T08:57:57,21-51 51 16: Air Distribution,Supply Diffuser 600 Face- 850708,"Autodesk Revit 2014, Build: 20131024_2115(x64)",Autodesk.Revit.DB.Mechanical.MechanicalSystem,8c770c23-0820-4a66-8dd9-174c48c89e53-000e1448,HVAC System Overall,,,,,,,,,,
HVAC,bill.east@us.army.mil,2013-12-30T08:57:57,21-51 51 16: Air Distribution,Supply Diffuser 600 Face- 850709,"Autodesk Revit 2014, Build: 20131024_2115(x64)",Autodesk.Revit.DB.Mechanical.MechanicalSystem,8c770c23-0820-4a66-8dd9-174c48c89e53-000e1448,HVAC System Overall,,,,,,,,,,
HVAC,bill.east@us.army.mil,2013-12-30T08:57:57,21-51 51 16: Air Distribution,Supply Diffuser 600 Face- 850710,"Autodesk Revit 2014, Build: 20131024_2115(x64)",Autodesk.Revit.DB.Mechanical.MechanicalSystem,8c770c23-0820-4a66-8dd9-174c48c89e53-000e1448,HVAC System Overall,,,,,,,,,,
HVAC,bill.east@us.army.mil,2013-12-30T08:57:57,21-51 51 16: Air Distribution,Supply Diffuser 600 Face- 850712,"Autodesk Revit 2014, Build: 20131024_2115(x64)",Autodesk.Revit.DB.Mechanical.MechanicalSystem,8c770c23-0820-4a66-8dd9-174c48c89e53-000e1448,HVAC System Overall,,,,,,,,,,
HVAC,bill.east@us.army.mil,2013-12-30T08:57:57,21-51 51 16: Air Distribution,Supply Diffuser 600 Face- 850713,"Autodesk Revit 2014, Build: 20131024_2115(x64)",Autodesk.Revit.DB.Mechanical.MechanicalSystem,8c770c23-0820-4a66-8dd9-174c48c89e53-000e1448,HVAC System Overall,,,,,,,,,,
HVAC,bill.east@us.army.mil,2013-12-30T08:57:57,21-51 51 16: Air Distribution,Supply Diffuser 600 Face- 850716,"Autodesk Revit 2014, Build: 20131024_2115(x64)",Autodesk.Revit.DB.Mechanical.MechanicalSystem,8c770c23-0820-4a66-8dd9-174c48c89e53-000e1448,HVAC System Overall,,,,,,,,,,
HVAC,bill.east@us.army.mil,2013-12-30T08:57:57,21-51 51 16: Air Distribution,Supply Diffuser 600 Face- 850717,"Autodesk Revit 2014, Build: 20131024_2115(x64)",Autodesk.Revit.DB.Mechanical.MechanicalSystem,8c770c23-0820-4a66-8dd9-174c48c89e53-000e1448,HVAC System Overall,,,,,,,,,,
HVAC,bill.east@us.army.mil,2013-12-30T08:57:57,21-51 51 16: Air Distribution,Supply Diffuser 600 Face- 850718,"Autodesk Revit 2014, Build: 20131024_2115(x64)",Autodesk.Revit.DB.Mechanical.MechanicalSystem,8c770c23-0820-4a66-8dd9-174c48c89e53-000e1448,HVAC System Overall,,,,,,,,,,
HVAC,bill.east@us.army.mil,2013-12-30T08:57:57,21-51 51 16: Air Distribution,AAA_851261,"Autodesk Revit 2014, Build: 20131024_2115(x64)",Autodesk.Revit.DB.Mechanical.MechanicalSystem,8c770c23-0820-4a66-8dd9-174c48c89e53-000e1448,HVAC System Overall,,,,,,,,,,
HVAC,bill.east@us.army.mil,2013-12-30T08:57:57,21-51 51 16: Air Distribution,HVAC Ducts_851263,"Autodesk Revit 2014, Build: 20131024_2115(x64)",Autodesk.Revit.DB.Mechanical.MechanicalSystem,8c770c23-0820-4a66-8dd9-174c48c89e53-000e1448,HVAC System Overall,,,,,,,,,,
HVAC,bill.east@us.army.mil,2013-12-30T08:57:57,21-51 51 16: Air Distribution,BBB_851275,"Autodesk Revit 2014, Build: 20131024_2115(x64)",Autodesk.Revit.DB.Mechanical.MechanicalSystem,8c770c23-0820-4a66-8dd9-174c48c89e53-000e1448,HVAC System Overall,,,,,,,,,,
HVAC,bill.east@us.army.mil,2013-12-30T08:57:57,21-51 51 16: Air Distribution,HVAC Ducts_851280,"Autodesk Revit 2014, Build: 20131024_2115(x64)",Autodesk.Revit.DB.Mechanical.MechanicalSystem,8c770c23-0820-4a66-8dd9-174c48c89e53-000e1448,HVAC System Overall,,,,,,,,,,
HVAC,bill.east@us.army.mil,2013-12-30T08:57:57,21-51 51 16: Air Distribution,OOO_851297,"Autodesk Revit 2014, Build: 20131024_2115(x64)",Autodesk.Revit.DB.Mechanical.MechanicalSystem,8c770c23-0820-4a66-8dd9-174c48c89e53-000e1448,HVAC System Overall,,,,,,,,,,
HVAC,bill.east@us.army.mil,2013-12-30T08:57:57,21-51 51 16: Air Distribution,EEE_851334,"Autodesk Revit 2014, Build: 20131024_2115(x64)",Autodesk.Revit.DB.Mechanical.MechanicalSystem,8c770c23-0820-4a66-8dd9-174c48c89e53-000e1448,HVAC System Overall,,,,,,,,,,
HVAC,bill.east@us.army.mil,2013-12-30T08:57:57,21-51 51 16: Air Distribution,HVAC Ducts_851339,"Autodesk Revit 2014, Build: 20131024_2115(x64)",Autodesk.Revit.DB.Mechanical.MechanicalSystem,8c770c23-0820-4a66-8dd9-174c48c89e53-000e1448,HVAC System Overall,,,,,,,,,,
HVAC,bill.east@us.army.mil,2013-12-30T08:57:57,21-51 51 16: Air Distribution,FFF_851342,"Autodesk Revit 2014, Build: 20131024_2115(x64)",Autodesk.Revit.DB.Mechanical.MechanicalSystem,8c770c23-0820-4a66-8dd9-174c48c89e53-000e1448,HVAC System Overall,,,,,,,,,,
HVAC,bill.east@us.army.mil,2013-12-30T08:57:57,21-51 51 16: Air Distribution,GGG_851364,"Autodesk Revit 2014, Build: 20131024_2115(x64)",Autodesk.Revit.DB.Mechanical.MechanicalSystem,8c770c23-0820-4a66-8dd9-174c48c89e53-000e1448,HVAC System Overall,,,,,,,,,,
HVAC,bill.east@us.army.mil,2013-12-30T08:57:57,21-51 51 16: Air Distribution,HVAC Ducts_851366,"Autodesk Revit 2014, Build: 20131024_2115(x64)",Autodesk.Revit.DB.Mechanical.MechanicalSystem,8c770c23-0820-4a66-8dd9-174c48c89e53-000e1448,HVAC System Overall,,,,,,,,,,
HVAC,bill.east@us.army.mil,2013-12-30T08:57:57,21-51 51 16: Air Distribution,PPP_851369,"Autodesk Revit 2014, Build: 20131024_2115(x64)",Autodesk.Revit.DB.Mechanical.MechanicalSystem,8c770c23-0820-4a66-8dd9-174c48c89e53-000e1448,HVAC System Overall,,,,,,,,,,
HVAC,bill.east@us.army.mil,2013-12-30T08:57:57,21-51 51 16: Air Distribution,UUU_851378,"Autodesk Revit 2014, Build: 20131024_2115(x64)",Autodesk.Revit.DB.Mechanical.MechanicalSystem,8c770c23-0820-4a66-8dd9-174c48c89e53-000e1448,HVAC System Overall,,,,,,,,,,
HVAC,bill.east@us.army.mil,2013-12-30T08:57:57,21-51 51 16: Air Distribution,VVV_851385,"Autodesk Revit 2014, Build: 20131024_2115(x64)",Autodesk.Revit.DB.Mechanical.MechanicalSystem,8c770c23-0820-4a66-8dd9-174c48c89e53-000e1448,HVAC System Overall,,,,,,,,,,
HVAC,bill.east@us.army.mil,2013-12-30T08:57:57,21-51 51 16: Air Distribution,HVAC Ducts_851387,"Autodesk Revit 2014, Build: 20131024_2115(x64)",Autodesk.Revit.DB.Mechanical.MechanicalSystem,8c770c23-0820-4a66-8dd9-174c48c89e53-000e1448,HVAC System Overall,,,,,,,,,,
HVAC,bill.east@us.army.mil,2013-12-30T08:57:57,21-51 51 16: Air Distribution,XXX_851392,"Autodesk Revit 2014, Build: 20131024_2115(x64)",Autodesk.Revit.DB.Mechanical.MechanicalSystem,8c770c23-0820-4a66-8dd9-174c48c89e53-000e1448,HVAC System Overall,,,,,,,,,,
HVAC,bill.east@us.army.mil,2013-12-30T08:57:57,21-51 51 16: Air Distribution,HVAC Ducts_851394,"Autodesk Revit 2014, Build: 20131024_2115(x64)",Autodesk.Revit.DB.Mechanical.MechanicalSystem,8c770c23-0820-4a66-8dd9-174c48c89e53-000e1448,HVAC System Overall,,,,,,,,,,
HVAC,bill.east@us.army.mil,2013-12-30T08:57:57,21-51 51 16: Air Distribution,QQQ_851404,"Autodesk Revit 2014, Build: 20131024_2115(x64)",Autodesk.Revit.DB.Mechanical.MechanicalSystem,8c770c23-0820-4a66-8dd9-174c48c89e53-000e1448,HVAC System Overall,,,,,,,,,,
HVAC,bill.east@us.army.mil,2013-12-30T08:57:57,21-51 51 16: Air Distribution,HVAC Ducts_851407,"Autodesk Revit 2014, Build: 20131024_2115(x64)",Autodesk.Revit.DB.Mechanical.MechanicalSystem,8c770c23-0820-4a66-8dd9-174c48c89e53-000e1448,HVAC System Overall,,,,,,,,,,
HVAC,bill.east@us.army.mil,2013-12-30T08:57:57,21-51 51 16: Air Distribution,RRR_851422,"Autodesk Revit 2014, Build: 20131024_2115(x64)",Autodesk.Revit.DB.Mechanical.MechanicalSystem,8c770c23-0820-4a66-8dd9-174c48c89e53-000e1448,HVAC System Overall,,,,,,,,,,
HVAC,bill.east@us.army.mil,2013-12-30T08:57:57,21-51 51 16: Air Distribution,SSS_851423,"Autodesk Revit 2014, Build: 20131024_2115(x64)",Autodesk.Revit.DB.Mechanical.MechanicalSystem,8c770c23-0820-4a66-8dd9-174c48c89e53-000e1448,HVAC System Overall,,,,,,,,,,
HVAC,bill.east@us.army.mil,2013-12-30T08:57:57,21-51 51 16: Air Distribution,WWW_851424,"Autodesk Revit 2014, Build: 20131024_2115(x64)",Autodesk.Revit.DB.Mechanical.MechanicalSystem,8c770c23-0820-4a66-8dd9-174c48c89e53-000e1448,HVAC System Overall,,,,,,,,,,
HVAC,bill.east@us.army.mil,2013-12-30T08:57:57,21-51 51 16: Air Distribution,HVAC Ducts_851428,"Autodesk Revit 2014, Build: 20131024_2115(x64)",Autodesk.Revit.DB.Mechanical.MechanicalSystem,8c770c23-0820-4a66-8dd9-174c48c89e53-000e1448,HVAC System Overall,,,,,,,,,,
HVAC,bill.east@us.army.mil,2013-12-30T08:57:57,21-51 51 16: Air Distribution,HVAC Ducts_851452,"Autodesk Revit 2014, Build: 20131024_2115(x64)",Autodesk.Revit.DB.Mechanical.MechanicalSystem,8c770c23-0820-4a66-8dd9-174c48c89e53-000e1448,HVAC System Overall,,,,,,,,,,
HVAC,bill.east@us.army.mil,2013-12-30T08:57:57,21-51 51 16: Air Distribution,HVAC Ducts_851471,"Autodesk Revit 2014, Build: 20131024_2115(x64)",Autodesk.Revit.DB.Mechanical.MechanicalSystem,8c770c23-0820-4a66-8dd9-174c48c89e53-000e1448,HVAC System Overall,,,,,,,,,,
HVAC,bill.east@us.army.mil,2013-12-30T08:57:57,21-51 51 16: Air Distribution,YYY_851484,"Autodesk Revit 2014, Build: 20131024_2115(x64)",Autodesk.Revit.DB.Mechanical.MechanicalSystem,8c770c23-0820-4a66-8dd9-174c48c89e53-000e1448,HVAC System Overall,,,,,,,,,,
HVAC,bill.east@us.army.mil,2013-12-30T08:57:57,21-51 51 16: Air Distribution,ZZZ_851485,"Autodesk Revit 2014, Build: 20131024_2115(x64)",Autodesk.Revit.DB.Mechanical.MechanicalSystem,8c770c23-0820-4a66-8dd9-174c48c89e53-000e1448,HVAC System Overall,,,,,,,,,,
HVAC,bill.east@us.army.mil,2013-12-30T08:57:57,21-51 51 16: Air Distribution,HVAC Ducts_851488,"Autodesk Revit 2014, Build: 20131024_2115(x64)",Autodesk.Revit.DB.Mechanical.MechanicalSystem,8c770c23-0820-4a66-8dd9-174c48c89e53-000e1448,HVAC System Overall,,,,,,,,,,
HVAC,bill.east@us.army.mil,2013-12-30T08:57:57,21-51 51 16: Air Distribution,HVAC Ducts_851492,"Autodesk Revit 2014, Build: 20131024_2115(x64)",Autodesk.Revit.DB.Mechanical.MechanicalSystem,8c770c23-0820-4a66-8dd9-174c48c89e53-000e1448,HVAC System Overall,,,,,,,,,,
HVAC,bill.east@us.army.mil,2013-12-30T08:57:57,21-51 51 16: Air Distribution,TTT_851504,"Autodesk Revit 2014, Build: 20131024_2115(x64)",Autodesk.Revit.DB.Mechanical.MechanicalSystem,8c770c23-0820-4a66-8dd9-174c48c89e53-000e1448,HVAC System Overall,,,,,,,,,,
HVAC,bill.east@us.army.mil,2013-12-30T08:57:57,21-51 51 16: Air Distribution,HVAC Ducts_851509,"Autodesk Revit 2014, Build: 20131024_2115(x64)",Autodesk.Revit.DB.Mechanical.MechanicalSystem,8c770c23-0820-4a66-8dd9-174c48c89e53-000e1448,HVAC System Overall,,,,,,,,,,
HVAC,bill.east@us.army.mil,2013-12-30T08:57:57,21-51 51 16: Air Distribution,MMM_851608,"Autodesk Revit 2014, Build: 20131024_2115(x64)",Autodesk.Revit.DB.Mechanical.MechanicalSystem,8c770c23-0820-4a66-8dd9-174c48c89e53-000e1448,HVAC System Overall,,,,,,,,,,
HVAC,bill.east@us.army.mil,2013-12-30T08:57:57,21-51 51 16: Air Distribution,HVAC Ducts_851611,"Autodesk Revit 2014, Build: 20131024_2115(x64)",Autodesk.Revit.DB.Mechanical.MechanicalSystem,8c770c23-0820-4a66-8dd9-174c48c89e53-000e1448,HVAC System Overall,,,,,,,,,,
HVAC,bill.east@us.army.mil,2013-12-30T08:57:57,21-51 51 16: Air Distribution,NNN_851618,"Autodesk Revit 2014, Build: 20131024_2115(x64)",Autodesk.Revit.DB.Mechanical.MechanicalSystem,8c770c23-0820-4a66-8dd9-174c48c89e53-000e1448,HVAC System Overall,,,,,,,,,,
HVAC,bill.east@us.army.mil,2013-12-30T08:57:57,21-51 51 16: Air Distribution,HH_851628,"Autodesk Revit 2014, Build: 20131024_2115(x64)",Autodesk.Revit.DB.Mechanical.MechanicalSystem,8c770c23-0820-4a66-8dd9-174c48c89e53-000e1448,HVAC System Overall,,,,,,,,,,
HVAC,bill.east@us.army.mil,2013-12-30T08:57:57,21-51 51 16: Air Distribution,1_851639,"Autodesk Revit 2014, Build: 20131024_2115(x64)",Autodesk.Revit.DB.Mechanical.MechanicalSystem,8c770c23-0820-4a66-8dd9-174c48c89e53-000e1448,HVAC System Overall,,,,,,,,,,
HVAC,bill.east@us.army.mil,2013-12-30T08:57:57,21-51 51 16: Air Distribution,III_851640,"Autodesk Revit 2014, Build: 20131024_2115(x64)",Autodesk.Revit.DB.Mechanical.MechanicalSystem,8c770c23-0820-4a66-8dd9-174c48c89e53-000e1448,HVAC System Overall,,,,,,,,,,
HVAC,bill.east@us.army.mil,2013-12-30T08:57:57,21-51 51 16: Air Distribution,KKK_851641,"Autodesk Revit 2014, Build: 20131024_2115(x64)",Autodesk.Revit.DB.Mechanical.MechanicalSystem,8c770c23-0820-4a66-8dd9-174c48c89e53-000e1448,HVAC System Overall,,,,,,,,,,
HVAC,bill.east@us.army.mil,2013-12-30T08:57:57,21-51 51 16: Air Distribution,HVAC Ducts_851645,"Autodesk Revit 2014, Build: 20131024_2115(x64)",Autodesk.Revit.DB.Mechanical.MechanicalSystem,8c770c23-0820-4a66-8dd9-174c48c89e53-000e1448,HVAC System Overall,,,,,,,,,,
HVAC,bill.east@us.army.mil,2013-12-30T08:57:57,21-51 51 16: Air Distribution,HVAC Ducts_851648,"Autodesk Revit 2014, Build: 20131024_2115(x64)",Autodesk.Revit.DB.Mechanical.MechanicalSystem,8c770c23-0820-4a66-8dd9-174c48c89e53-000e1448,HVAC System Overall,,,,,,,,,,
HVAC,bill.east@us.army.mil,2013-12-30T08:57:57,21-51 51 16: Air Distribution,HVAC Ducts_851649,"Autodesk Revit 2014, Build: 20131024_2115(x64)",Autodesk.Revit.DB.Mechanical.MechanicalSystem,8c770c23-0820-4a66-8dd9-174c48c89e53-000e1448,HVAC System Overall,,,,,,,,,,
HVAC,bill.east@us.army.mil,2013-12-30T08:57:57,21-51 51 16: Air Distribution,HVAC Ducts_851651,"Autodesk Revit 2014, Build: 20131024_2115(x64)",Autodesk.Revit.DB.Mechanical.MechanicalSystem,8c770c23-0820-4a66-8dd9-174c48c89e53-000e1448,HVAC System Overall,,,,,,,,,,
HVAC,bill.east@us.army.mil,2013-12-30T08:57:57,21-51 51 16: Air Distribution,Supply Diffuser 600 Face- 851653,"Autodesk Revit 2014, Build: 20131024_2115(x64)",Autodesk.Revit.DB.Mechanical.MechanicalSystem,8c770c23-0820-4a66-8dd9-174c48c89e53-000e1448,HVAC System Overall,,,,,,,,,,
HVAC,bill.east@us.army.mil,2013-12-30T08:57:57,21-51 51 16: Air Distribution,HVAC Ducts_851654,"Autodesk Revit 2014, Build: 20131024_2115(x64)",Autodesk.Revit.DB.Mechanical.MechanicalSystem,8c770c23-0820-4a66-8dd9-174c48c89e53-000e1448,HVAC System Overall,,,,,,,,,,
HVAC,bill.east@us.army.mil,2013-12-30T08:57:57,21-51 51 16: Air Distribution,YY_851670,"Autodesk Revit 2014, Build: 20131024_2115(x64)",Autodesk.Revit.DB.Mechanical.MechanicalSystem,8c770c23-0820-4a66-8dd9-174c48c89e53-000e1448,HVAC System Overall,,,,,,,,,,
HVAC,bill.east@us.army.mil,2013-12-30T08:57:57,21-51 51 16: Air Distribution,HVAC Ducts_851674,"Autodesk Revit 2014, Build: 20131024_2115(x64)",Autodesk.Revit.DB.Mechanical.MechanicalSystem,8c770c23-0820-4a66-8dd9-174c48c89e53-000e1448,HVAC System Overall,,,,,,,,,,
HVAC,bill.east@us.army.mil,2013-12-30T08:57:57,21-51 51 16: Air Distribution,WW_851703,"Autodesk Revit 2014, Build: 20131024_2115(x64)",Autodesk.Revit.DB.Mechanical.MechanicalSystem,8c770c23-0820-4a66-8dd9-174c48c89e53-000e1448,HVAC System Overall,,,,,,,,,,
HVAC,bill.east@us.army.mil,2013-12-30T08:57:57,21-51 51 16: Air Distribution,XX_851704,"Autodesk Revit 2014, Build: 20131024_2115(x64)",Autodesk.Revit.DB.Mechanical.MechanicalSystem,8c770c23-0820-4a66-8dd9-174c48c89e53-000e1448,HVAC System Overall,,,,,,,,,,
HVAC,bill.east@us.army.mil,2013-12-30T08:57:57,21-51 51 16: Air Distribution,HVAC Ducts_851714,"Autodesk Revit 2014, Build: 20131024_2115(x64)",Autodesk.Revit.DB.Mechanical.MechanicalSystem,8c770c23-0820-4a66-8dd9-174c48c89e53-000e1448,HVAC System Overall,,,,,,,,,,
HVAC,bill.east@us.army.mil,2013-12-30T08:57:57,21-51 51 16: Air Distribution,QQ_851728,"Autodesk Revit 2014, Build: 20131024_2115(x64)",Autodesk.Revit.DB.Mechanical.MechanicalSystem,8c770c23-0820-4a66-8dd9-174c48c89e53-000e1448,HVAC System Overall,,,,,,,,,,
HVAC,bill.east@us.army.mil,2013-12-30T08:57:57,21-51 51 16: Air Distribution,RR_851729,"Autodesk Revit 2014, Build: 20131024_2115(x64)",Autodesk.Revit.DB.Mechanical.MechanicalSystem,8c770c23-0820-4a66-8dd9-174c48c89e53-000e1448,HVAC System Overall,,,,,,,,,,
HVAC,bill.east@us.army.mil,2013-12-30T08:57:57,21-51 51 16: Air Distribution,HVAC Ducts_851732,"Autodesk Revit 2014, Build: 20131024_2115(x64)",Autodesk.Revit.DB.Mechanical.MechanicalSystem,8c770c23-0820-4a66-8dd9-174c48c89e53-000e1448,HVAC System Overall,,,,,,,,,,
HVAC,bill.east@us.army.mil,2013-12-30T08:57:57,21-51 51 16: Air Distribution,TT_851745,"Autodesk Revit 2014, Build: 20131024_2115(x64)",Autodesk.Revit.DB.Mechanical.MechanicalSystem,8c770c23-0820-4a66-8dd9-174c48c89e53-000e1448,HVAC System Overall,,,,,,,,,,
HVAC,bill.east@us.army.mil,2013-12-30T08:57:57,21-51 51 16: Air Distribution,HVAC Ducts_851748,"Autodesk Revit 2014, Build: 20131024_2115(x64)",Autodesk.Revit.DB.Mechanical.MechanicalSystem,8c770c23-0820-4a66-8dd9-174c48c89e53-000e1448,HVAC System Overall,,,,,,,,,,
HVAC,bill.east@us.army.mil,2013-12-30T08:57:57,21-51 51 16: Air Distribution,HVAC Ducts_851750,"Autodesk Revit 2014, Build: 20131024_2115(x64)",Autodesk.Revit.DB.Mechanical.MechanicalSystem,8c770c23-0820-4a66-8dd9-174c48c89e53-000e1448,HVAC System Overall,,,,,,,,,,
HVAC,bill.east@us.army.mil,2013-12-30T08:57:57,21-51 51 16: Air Distribution,G2_851787,"Autodesk Revit 2014, Build: 20131024_2115(x64)",Autodesk.Revit.DB.Mechanical.MechanicalSystem,8c770c23-0820-4a66-8dd9-174c48c89e53-000e1448,HVAC System Overall,,,,,,,,,,
HVAC,bill.east@us.army.mil,2013-12-30T08:57:57,21-51 51 16: Air Distribution,C_851805,"Autodesk Revit 2014, Build: 20131024_2115(x64)",Autodesk.Revit.DB.Mechanical.MechanicalSystem,8c770c23-0820-4a66-8dd9-174c48c89e53-000e1448,HVAC System Overall,,,,,,,,,,
HVAC,bill.east@us.army.mil,2013-12-30T08:57:57,21-51 51 16: Air Distribution,HVAC Ducts_851807,"Autodesk Revit 2014, Build: 20131024_2115(x64)",Autodesk.Revit.DB.Mechanical.MechanicalSystem,8c770c23-0820-4a66-8dd9-174c48c89e53-000e1448,HVAC System Overall,,,,,,,,,,
HVAC,bill.east@us.army.mil,2013-12-30T08:57:57,21-51 51 16: Air Distribution,D_851812,"Autodesk Revit 2014, Build: 20131024_2115(x64)",Autodesk.Revit.DB.Mechanical.MechanicalSystem,8c770c23-0820-4a66-8dd9-174c48c89e53-000e1448,HVAC System Overall,,,,,,,,,,
HVAC,bill.east@us.army.mil,2013-12-30T08:57:57,21-51 51 16: Air Distribution,HVAC Ducts_851813,"Autodesk Revit 2014, Build: 20131024_2115(x64)",Autodesk.Revit.DB.Mechanical.MechanicalSystem,8c770c23-0820-4a66-8dd9-174c48c89e53-000e1448,HVAC System Overall,,,,,,,,,,
HVAC,bill.east@us.army.mil,2013-12-30T08:57:57,21-51 51 16: Air Distribution,F_851820,"Autodesk Revit 2014, Build: 20131024_2115(x64)",Autodesk.Revit.DB.Mechanical.MechanicalSystem,8c770c23-0820-4a66-8dd9-174c48c89e53-000e1448,HVAC System Overall,,,,,,,,,,
HVAC,bill.east@us.army.mil,2013-12-30T08:57:57,21-51 51 16: Air Distribution,HVAC Ducts_851822,"Autodesk Revit 2014, Build: 20131024_2115(x64)",Autodesk.Revit.DB.Mechanical.MechanicalSystem,8c770c23-0820-4a66-8dd9-174c48c89e53-000e1448,HVAC System Overall,,,,,,,,,,
HVAC,bill.east@us.army.mil,2013-12-30T08:57:57,21-51 51 16: Air Distribution,A_851838,"Autodesk Revit 2014, Build: 20131024_2115(x64)",Autodesk.Revit.DB.Mechanical.MechanicalSystem,8c770c23-0820-4a66-8dd9-174c48c89e53-000e1448,HVAC System Overall,,,,,,,,,,
HVAC,bill.east@us.army.mil,2013-12-30T08:57:57,21-51 51 16: Air Distribution,HVAC Ducts_851840,"Autodesk Revit 2014, Build: 20131024_2115(x64)",Autodesk.Revit.DB.Mechanical.MechanicalSystem,8c770c23-0820-4a66-8dd9-174c48c89e53-000e1448,HVAC System Overall,,,,,,,,,,
HVAC,bill.east@us.army.mil,2013-12-30T08:57:57,21-51 51 16: Air Distribution,B_851850,"Autodesk Revit 2014, Build: 20131024_2115(x64)",Autodesk.Revit.DB.Mechanical.MechanicalSystem,8c770c23-0820-4a66-8dd9-174c48c89e53-000e1448,HVAC System Overall,,,,,,,,,,
HVAC,bill.east@us.army.mil,2013-12-30T08:57:57,21-51 51 16: Air Distribution,HVAC Ducts_851852,"Autodesk Revit 2014, Build: 20131024_2115(x64)",Autodesk.Revit.DB.Mechanical.MechanicalSystem,8c770c23-0820-4a66-8dd9-174c48c89e53-000e1448,HVAC System Overall,,,,,,,,,,
HVAC,bill.east@us.army.mil,2013-12-30T08:57:57,21-51 51 16: Air Distribution,Supply Diffuser 600 Face- 851854,"Autodesk Revit 2014, Build: 20131024_2115(x64)",Autodesk.Revit.DB.Mechanical.MechanicalSystem,8c770c23-0820-4a66-8dd9-174c48c89e53-000e1448,HVAC System Overall,,,,,,,,,,
HVAC,bill.east@us.army.mil,2013-12-30T08:57:57,21-51 51 16: Air Distribution,G1_851861,"Autodesk Revit 2014, Build: 20131024_2115(x64)",Autodesk.Revit.DB.Mechanical.MechanicalSystem,8c770c23-0820-4a66-8dd9-174c48c89e53-000e1448,HVAC System Overall,,,,,,,,,,
HVAC,bill.east@us.army.mil,2013-12-30T08:57:57,21-51 51 16: Air Distribution,I_851867,"Autodesk Revit 2014, Build: 20131024_2115(x64)",Autodesk.Revit.DB.Mechanical.MechanicalSystem,8c770c23-0820-4a66-8dd9-174c48c89e53-000e1448,HVAC System Overall,,,,,,,,,,
HVAC,bill.east@us.army.mil,2013-12-30T08:57:57,21-51 51 16: Air Distribution,H_851884,"Autodesk Revit 2014, Build: 20131024_2115(x64)",Autodesk.Revit.DB.Mechanical.MechanicalSystem,8c770c23-0820-4a66-8dd9-174c48c89e53-000e1448,HVAC System Overall,,,,,,,,,,
HVAC,bill.east@us.army.mil,2013-12-30T08:57:57,21-51 51 16: Air Distribution,HVAC Ducts_851888,"Autodesk Revit 2014, Build: 20131024_2115(x64)",Autodesk.Revit.DB.Mechanical.MechanicalSystem,8c770c23-0820-4a66-8dd9-174c48c89e53-000e1448,HVAC System Overall,,,,,,,,,,
HVAC,bill.east@us.army.mil,2013-12-30T08:57:57,21-51 51 16: Air Distribution,K_851899,"Autodesk Revit 2014, Build: 20131024_2115(x64)",Autodesk.Revit.DB.Mechanical.MechanicalSystem,8c770c23-0820-4a66-8dd9-174c48c89e53-000e1448,HVAC System Overall,,,,,,,,,,
HVAC,bill.east@us.army.mil,2013-12-30T08:57:57,21-51 51 16: Air Distribution,HVAC Ducts_851903,"Autodesk Revit 2014, Build: 20131024_2115(x64)",Autodesk.Revit.DB.Mechanical.MechanicalSystem,8c770c23-0820-4a66-8dd9-174c48c89e53-000e1448,HVAC System Overall,,,,,,,,,,
HVAC,bill.east@us.army.mil,2013-12-30T08:57:57,21-51 51 16: Air Distribution,J_851909,"Autodesk Revit 2014, Build: 20131024_2115(x64)",Autodesk.Revit.DB.Mechanical.MechanicalSystem,8c770c23-0820-4a66-8dd9-174c48c89e53-000e1448,HVAC System Overall,,,,,,,,,,
HVAC,bill.east@us.army.mil,2013-12-30T08:57:57,21-51 51 16: Air Distribution,HVAC Ducts_851911,"Autodesk Revit 2014, Build: 20131024_2115(x64)",Autodesk.Revit.DB.Mechanical.MechanicalSystem,8c770c23-0820-4a66-8dd9-174c48c89e53-000e1448,HVAC System Overall,,,,,,,,,,
HVAC,bill.east@us.army.mil,2013-12-30T08:57:57,21-51 51 16: Air Distribution,S_851918,"Autodesk Revit 2014, Build: 20131024_2115(x64)",Autodesk.Revit.DB.Mechanical.MechanicalSystem,8c770c23-0820-4a66-8dd9-174c48c89e53-000e1448,HVAC System Overall,,,,,,,,,,
HVAC,bill.east@us.army.mil,2013-12-30T08:57:57,21-51 51 16: Air Distribution,HVAC Ducts_851920,"Autodesk Revit 2014, Build: 20131024_2115(x64)",Autodesk.Revit.DB.Mechanical.MechanicalSystem,8c770c23-0820-4a66-8dd9-174c48c89e53-000e1448,HVAC System Overall,,,,,,,,,,
HVAC,bill.east@us.army.mil,2013-12-30T08:57:57,21-51 51 16: Air Distribution,U_851933,"Autodesk Revit 2014, Build: 20131024_2115(x64)",Autodesk.Revit.DB.Mechanical.MechanicalSystem,8c770c23-0820-4a66-8dd9-174c48c89e53-000e1448,HVAC System Overall,,,,,,,,,,
HVAC,bill.east@us.army.mil,2013-12-30T08:57:57,21-51 51 16: Air Distribution,V_851935,"Autodesk Revit 2014, Build: 20131024_2115(x64)",Autodesk.Revit.DB.Mechanical.MechanicalSystem,8c770c23-0820-4a66-8dd9-174c48c89e53-000e1448,HVAC System Overall,,,,,,,,,,
HVAC,bill.east@us.army.mil,2013-12-30T08:57:57,21-51 51 16: Air Distribution,HVAC Ducts_851937,"Autodesk Revit 2014, Build: 20131024_2115(x64)",Autodesk.Revit.DB.Mechanical.MechanicalSystem,8c770c23-0820-4a66-8dd9-174c48c89e53-000e1448,HVAC System Overall,,,,,,,,,,
HVAC,bill.east@us.army.mil,2013-12-30T08:57:57,21-51 51 16: Air Distribution,T_851946,"Autodesk Revit 2014, Build: 20131024_2115(x64)",Autodesk.Revit.DB.Mechanical.MechanicalSystem,8c770c23-0820-4a66-8dd9-174c48c89e53-000e1448,HVAC System Overall,,,,,,,,,,
HVAC,bill.east@us.army.mil,2013-12-30T08:57:57,21-51 51 16: Air Distribution,HVAC Ducts_851948,"Autodesk Revit 2014, Build: 20131024_2115(x64)",Autodesk.Revit.DB.Mechanical.MechanicalSystem,8c770c23-0820-4a66-8dd9-174c48c89e53-000e1448,HVAC System Overall,,,,,,,,,,
HVAC,bill.east@us.army.mil,2013-12-30T08:57:57,21-51 51 16: Air Distribution,W_851967,"Autodesk Revit 2014, Build: 20131024_2115(x64)",Autodesk.Revit.DB.Mechanical.MechanicalSystem,8c770c23-0820-4a66-8dd9-174c48c89e53-000e1448,HVAC System Overall,,,,,,,,,,
HVAC,bill.east@us.army.mil,2013-12-30T08:57:57,21-51 51 16: Air Distribution,X_851968,"Autodesk Revit 2014, Build: 20131024_2115(x64)",Autodesk.Revit.DB.Mechanical.MechanicalSystem,8c770c23-0820-4a66-8dd9-174c48c89e53-000e1448,HVAC System Overall,,,,,,,,,,
HVAC,bill.east@us.army.mil,2013-12-30T08:57:57,21-51 51 16: Air Distribution,HVAC Ducts_851971,"Autodesk Revit 2014, Build: 20131024_2115(x64)",Autodesk.Revit.DB.Mechanical.MechanicalSystem,8c770c23-0820-4a66-8dd9-174c48c89e53-000e1448,HVAC System Overall,,,,,,,,,,
HVAC,bill.east@us.army.mil,2013-12-30T08:57:57,21-51 51 16: Air Distribution,HVAC Ducts_851979,"Autodesk Revit 2014, Build: 20131024_2115(x64)",Autodesk.Revit.DB.Mechanical.MechanicalSystem,8c770c23-0820-4a66-8dd9-174c48c89e53-000e1448,HVAC System Overall,,,,,,,,,,
HVAC,bill.east@us.army.mil,2013-12-30T08:57:57,21-51 51 16: Air Distribution,Y_851984,"Autodesk Revit 2014, Build: 20131024_2115(x64)",Autodesk.Revit.DB.Mechanical.MechanicalSystem,8c770c23-0820-4a66-8dd9-174c48c89e53-000e1448,HVAC System Overall,,,,,,,,,,
HVAC,bill.east@us.army.mil,2013-12-30T08:57:57,21-51 51 16: Air Distribution,HVAC Ducts_851986,"Autodesk Revit 2014, Build: 20131024_2115(x64)",Autodesk.Revit.DB.Mechanical.MechanicalSystem,8c770c23-0820-4a66-8dd9-174c48c89e53-000e1448,HVAC System Overall,,,,,,,,,,
HVAC,bill.east@us.army.mil,2013-12-30T08:57:57,21-51 51 16: Air Distribution,Z_851993,"Autodesk Revit 2014, Build: 20131024_2115(x64)",Autodesk.Revit.DB.Mechanical.MechanicalSystem,8c770c23-0820-4a66-8dd9-174c48c89e53-000e1448,HVAC System Overall,,,,,,,,,,
HVAC,bill.east@us.army.mil,2013-12-30T08:57:57,21-51 51 16: Air Distribution,HVAC Ducts_851997,"Autodesk Revit 2014, Build: 20131024_2115(x64)",Autodesk.Revit.DB.Mechanical.MechanicalSystem,8c770c23-0820-4a66-8dd9-174c48c89e53-000e1448,HVAC System Overall,,,,,,,,,,
HVAC,bill.east@us.army.mil,2013-12-30T08:57:57,21-51 51 16: Air Distribution,BB_852000,"Autodesk Revit 2014, Build: 20131024_2115(x64)",Autodesk.Revit.DB.Mechanical.MechanicalSystem,8c770c23-0820-4a66-8dd9-174c48c89e53-000e1448,HVAC System Overall,,,,,,,,,,
HVAC,bill.east@us.army.mil,2013-12-30T08:57:57,21-51 51 16: Air Distribution,HVAC Ducts_852002,"Autodesk Revit 2014, Build: 20131024_2115(x64)",Autodesk.Revit.DB.Mechanical.MechanicalSystem,8c770c23-0820-4a66-8dd9-174c48c89e53-000e1448,HVAC System Overall,,,,,,,,,,
HVAC,bill.east@us.army.mil,2013-12-30T08:57:57,21-51 51 16: Air Distribution,AA_852009,"Autodesk Revit 2014, Build: 20131024_2115(x64)",Autodesk.Revit.DB.Mechanical.MechanicalSystem,8c770c23-0820-4a66-8dd9-174c48c89e53-000e1448,HVAC System Overall,,,,,,,,,,
HVAC,bill.east@us.army.mil,2013-12-30T08:57:57,21-51 51 16: Air Distribution,HVAC Ducts_852013,"Autodesk Revit 2014, Build: 20131024_2115(x64)",Autodesk.Revit.DB.Mechanical.MechanicalSystem,8c770c23-0820-4a66-8dd9-174c48c89e53-000e1448,HVAC System Overall,,,,,,,,,,
HVAC,bill.east@us.army.mil,2013-12-30T08:57:57,21-51 51 16: Air Distribution,DD_852020,"Autodesk Revit 2014, Build: 20131024_2115(x64)",Autodesk.Revit.DB.Mechanical.MechanicalSystem,8c770c23-0820-4a66-8dd9-174c48c89e53-000e1448,HVAC System Overall,,,,,,,,,,
HVAC,bill.east@us.army.mil,2013-12-30T08:57:57,21-51 51 16: Air Distribution,CC_852031,"Autodesk Revit 2014, Build: 20131024_2115(x64)",Autodesk.Revit.DB.Mechanical.MechanicalSystem,8c770c23-0820-4a66-8dd9-174c48c89e53-000e1448,HVAC System Overall,,,,,,,,,,
HVAC,bill.east@us.army.mil,2013-12-30T08:57:57,21-51 51 16: Air Distribution,HVAC Duct Fittings_852048,"Autodesk Revit 2014, Build: 20131024_2115(x64)",Autodesk.Revit.DB.Mechanical.MechanicalSystem,8c770c23-0820-4a66-8dd9-174c48c89e53-000e1448,HVAC System Overall,,,,,,,,,,
HVAC,bill.east@us.army.mil,2013-12-30T08:57:57,21-51 51 16: Air Distribution,R_852128,"Autodesk Revit 2014, Build: 20131024_2115(x64)",Autodesk.Revit.DB.Mechanical.MechanicalSystem,8c770c23-0820-4a66-8dd9-174c48c89e53-000e1448,HVAC System Overall,,,,,,,,,,
HVAC,bill.east@us.army.mil,2013-12-30T08:57:57,21-51 51 16: Air Distribution,Q_852138,"Autodesk Revit 2014, Build: 20131024_2115(x64)",Autodesk.Revit.DB.Mechanical.MechanicalSystem,8c770c23-0820-4a66-8dd9-174c48c89e53-000e1448,HVAC System Overall,,,,,,,,,,
HVAC,bill.east@us.army.mil,2013-12-30T08:57:57,21-51 51 16: Air Distribution,P_852149,"Autodesk Revit 2014, Build: 20131024_2115(x64)",Autodesk.Revit.DB.Mechanical.MechanicalSystem,8c770c23-0820-4a66-8dd9-174c48c89e53-000e1448,HVAC System Overall,,,,,,,,,,
HVAC,bill.east@us.army.mil,2013-12-30T08:57:57,21-51 51 16: Air Distribution,O_852150,"Autodesk Revit 2014, Build: 20131024_2115(x64)",Autodesk.Revit.DB.Mechanical.MechanicalSystem,8c770c23-0820-4a66-8dd9-174c48c89e53-000e1448,HVAC System Overall,,,,,,,,,,
HVAC,bill.east@us.army.mil,2013-12-30T08:57:57,21-51 51 16: Air Distribution,HVAC Ducts_852154,"Autodesk Revit 2014, Build: 20131024_2115(x64)",Autodesk.Revit.DB.Mechanical.MechanicalSystem,8c770c23-0820-4a66-8dd9-174c48c89e53-000e1448,HVAC System Overall,,,,,,,,,,
HVAC,bill.east@us.army.mil,2013-12-30T08:57:57,21-51 51 16: Air Distribution,HVAC Ducts_852155,"Autodesk Revit 2014, Build: 20131024_2115(x64)",Autodesk.Revit.DB.Mechanical.MechanicalSystem,8c770c23-0820-4a66-8dd9-174c48c89e53-000e1448,HVAC System Overall,,,,,,,,,,
HVAC,bill.east@us.army.mil,2013-12-30T08:57:57,21-51 51 16: Air Distribution,HVAC Ducts_852164,"Autodesk Revit 2014, Build: 20131024_2115(x64)",Autodesk.Revit.DB.Mechanical.MechanicalSystem,8c770c23-0820-4a66-8dd9-174c48c89e53-000e1448,HVAC System Overall,,,,,,,,,,
HVAC,bill.east@us.army.mil,2013-12-30T08:57:57,21-51 51 16: Air Distribution,M_852168,"Autodesk Revit 2014, Build: 20131024_2115(x64)",Autodesk.Revit.DB.Mechanical.MechanicalSystem,8c770c23-0820-4a66-8dd9-174c48c89e53-000e1448,HVAC System Overall,,,,,,,,,,
HVAC,bill.east@us.army.mil,2013-12-30T08:57:57,21-51 51 16: Air Distribution,HVAC Ducts_852172,"Autodesk Revit 2014, Build: 20131024_2115(x64)",Autodesk.Revit.DB.Mechanical.MechanicalSystem,8c770c23-0820-4a66-8dd9-174c48c89e53-000e1448,HVAC System Overall,,,,,,,,,,
HVAC,bill.east@us.army.mil,2013-12-30T08:57:57,21-51 51 16: Air Distribution,N_852175,"Autodesk Revit 2014, Build: 20131024_2115(x64)",Autodesk.Revit.DB.Mechanical.MechanicalSystem,8c770c23-0820-4a66-8dd9-174c48c89e53-000e1448,HVAC System Overall,,,,,,,,,,
HVAC,bill.east@us.army.mil,2013-12-30T08:57:57,21-51 51 16: Air Distribution,HVAC Ducts_852177,"Autodesk Revit 2014, Build: 20131024_2115(x64)",Autodesk.Revit.DB.Mechanical.MechanicalSystem,8c770c23-0820-4a66-8dd9-174c48c89e53-000e1448,HVAC System Overall,,,,,,,,,,
HVAC,bill.east@us.army.mil,2013-12-30T08:57:57,21-51 51 16: Air Distribution,Supply Diffuser 600 Face- 852179,"Autodesk Revit 2014, Build: 20131024_2115(x64)",Autodesk.Revit.DB.Mechanical.MechanicalSystem,8c770c23-0820-4a66-8dd9-174c48c89e53-000e1448,HVAC System Overall,,,,,,,,,,
HVAC,bill.east@us.army.mil,2013-12-30T08:57:57,21-51 51 16: Air Distribution,L_852191,"Autodesk Revit 2014, Build: 20131024_2115(x64)",Autodesk.Revit.DB.Mechanical.MechanicalSystem,8c770c23-0820-4a66-8dd9-174c48c89e53-000e1448,HVAC System Overall,,,,,,,,,,
HVAC,bill.east@us.army.mil,2013-12-30T08:57:57,21-51 51 16: Air Distribution,HVAC Ducts_852197,"Autodesk Revit 2014, Build: 20131024_2115(x64)",Autodesk.Revit.DB.Mechanical.MechanicalSystem,8c770c23-0820-4a66-8dd9-174c48c89e53-000e1448,HVAC System Overall,,,,,,,,,,
HVAC,bill.east@us.army.mil,2013-12-30T08:57:57,21-51 51 16: Air Distribution,HVAC Ducts_852198,"Autodesk Revit 2014, Build: 20131024_2115(x64)",Autodesk.Revit.DB.Mechanical.MechanicalSystem,8c770c23-0820-4a66-8dd9-174c48c89e53-000e1448,HVAC System Overall,,,,,,,,,,
HVAC,bill.east@us.army.mil,2013-12-30T08:57:57,21-51 51 16: Air Distribution,HVAC Ducts_852204,"Autodesk Revit 2014, Build: 20131024_2115(x64)",Autodesk.Revit.DB.Mechanical.MechanicalSystem,8c770c23-0820-4a66-8dd9-174c48c89e53-000e1448,HVAC System Overall,,,,,,,,,,
HVAC,bill.east@us.army.mil,2013-12-30T08:57:57,21-51 51 16: Air Distribution,CCC_852209,"Autodesk Revit 2014, Build: 20131024_2115(x64)",Autodesk.Revit.DB.Mechanical.MechanicalSystem,8c770c23-0820-4a66-8dd9-174c48c89e53-000e1448,HVAC System Overall,,,,,,,,,,
HVAC,bill.east@us.army.mil,2013-12-30T08:57:57,21-51 51 16: Air Distribution,HVAC Ducts_852211,"Autodesk Revit 2014, Build: 20131024_2115(x64)",Autodesk.Revit.DB.Mechanical.MechanicalSystem,8c770c23-0820-4a66-8dd9-174c48c89e53-000e1448,HVAC System Overall,,,,,,,,,,
HVAC,bill.east@us.army.mil,2013-12-30T08:57:57,21-51 51 16: Air Distribution,JJJ_852235,"Autodesk Revit 2014, Build: 20131024_2115(x64)",Autodesk.Revit.DB.Mechanical.MechanicalSystem,8c770c23-0820-4a66-8dd9-174c48c89e53-000e1448,HVAC System Overall,,,,,,,,,,
HVAC,bill.east@us.army.mil,2013-12-30T08:57:57,21-51 51 16: Air Distribution,HVAC Ducts_852236,"Autodesk Revit 2014, Build: 20131024_2115(x64)",Autodesk.Revit.DB.Mechanical.MechanicalSystem,8c770c23-0820-4a66-8dd9-174c48c89e53-000e1448,HVAC System Overall,,,,,,,,,,
HVAC,bill.east@us.army.mil,2013-12-30T08:57:57,21-51 51 16: Air Distribution,DDD_852257,"Autodesk Revit 2014, Build: 20131024_2115(x64)",Autodesk.Revit.DB.Mechanical.MechanicalSystem,8c770c23-0820-4a66-8dd9-174c48c89e53-000e1448,HVAC System Overall,,,,,,,,,,
HVAC,bill.east@us.army.mil,2013-12-30T08:57:57,21-51 51 16: Air Distribution,HVAC Ducts_852259,"Autodesk Revit 2014, Build: 20131024_2115(x64)",Autodesk.Revit.DB.Mechanical.MechanicalSystem,8c770c23-0820-4a66-8dd9-174c48c89e53-000e1448,HVAC System Overall,,,,,,,,,,
HVAC,bill.east@us.army.mil,2013-12-30T08:57:57,21-51 51 16: Air Distribution,HVAC Ducts_852342,"Autodesk Revit 2014, Build: 20131024_2115(x64)",Autodesk.Revit.DB.Mechanical.MechanicalSystem,8c770c23-0820-4a66-8dd9-174c48c89e53-000e1448,HVAC System Overall,,,,,,,,,,
HVAC,bill.east@us.army.mil,2013-12-30T08:57:57,21-51 51 16: Air Distribution,Supply Diffuser 600 Face- 852591,"Autodesk Revit 2014, Build: 20131024_2115(x64)",Autodesk.Revit.DB.Mechanical.MechanicalSystem,8c770c23-0820-4a66-8dd9-174c48c89e53-000e1448,HVAC System Overall,,,,,,,,,,
HVAC,bill.east@us.army.mil,2013-12-30T08:57:57,21-51 51 16: Air Distribution,Supply Diffuser 600 Face- 852593,"Autodesk Revit 2014, Build: 20131024_2115(x64)",Autodesk.Revit.DB.Mechanical.MechanicalSystem,8c770c23-0820-4a66-8dd9-174c48c89e53-000e1448,HVAC System Overall,,,,,,,,,,
HVAC,bill.east@us.army.mil,2013-12-30T08:57:57,21-51 51 16: Air Distribution,Supply Diffuser 600 Face- 852594,"Autodesk Revit 2014, Build: 20131024_2115(x64)",Autodesk.Revit.DB.Mechanical.MechanicalSystem,8c770c23-0820-4a66-8dd9-174c48c89e53-000e1448,HVAC System Overall,,,,,,,,,,
HVAC,bill.east@us.army.mil,2013-12-30T08:57:57,21-51 51 16: Air Distribution,Supply Diffuser 600 Face- 852595,"Autodesk Revit 2014, Build: 20131024_2115(x64)",Autodesk.Revit.DB.Mechanical.MechanicalSystem,8c770c23-0820-4a66-8dd9-174c48c89e53-000e1448,HVAC System Overall,,,,,,,,,,
HVAC,bill.east@us.army.mil,2013-12-30T08:57:57,21-51 51 16: Air Distribution,Supply Diffuser 600 Face- 852596,"Autodesk Revit 2014, Build: 20131024_2115(x64)",Autodesk.Revit.DB.Mechanical.MechanicalSystem,8c770c23-0820-4a66-8dd9-174c48c89e53-000e1448,HVAC System Overall,,,,,,,,,,
HVAC,bill.east@us.army.mil,2013-12-30T08:57:57,21-51 51 16: Air Distribution,Supply Diffuser 600 Face- 852597,"Autodesk Revit 2014, Build: 20131024_2115(x64)",Autodesk.Revit.DB.Mechanical.MechanicalSystem,8c770c23-0820-4a66-8dd9-174c48c89e53-000e1448,HVAC System Overall,,,,,,,,,,
HVAC,bill.east@us.army.mil,2013-12-30T08:57:57,21-51 51 16: Air Distribution,Supply Diffuser 600 Face- 852598,"Autodesk Revit 2014, Build: 20131024_2115(x64)",Autodesk.Revit.DB.Mechanical.MechanicalSystem,8c770c23-0820-4a66-8dd9-174c48c89e53-000e1448,HVAC System Overall,,,,,,,,,,
HVAC,bill.east@us.army.mil,2013-12-30T08:57:57,21-51 51 16: Air Distribution,Supply Diffuser 600 Face- 852599,"Autodesk Revit 2014, Build: 20131024_2115(x64)",Autodesk.Revit.DB.Mechanical.MechanicalSystem,8c770c23-0820-4a66-8dd9-174c48c89e53-000e1448,HVAC System Overall,,,,,,,,,,
HVAC,bill.east@us.army.mil,2013-12-30T08:57:57,21-51 51 16: Air Distribution,Supply Diffuser 600 Face- 852600,"Autodesk Revit 2014, Build: 20131024_2115(x64)",Autodesk.Revit.DB.Mechanical.MechanicalSystem,8c770c23-0820-4a66-8dd9-174c48c89e53-000e1448,HVAC System Overall,,,,,,,,,,
HVAC,bill.east@us.army.mil,2013-12-30T08:57:57,21-51 51 16: Air Distribution,Supply Diffuser 600 Face- 852601,"Autodesk Revit 2014, Build: 20131024_2115(x64)",Autodesk.Revit.DB.Mechanical.MechanicalSystem,8c770c23-0820-4a66-8dd9-174c48c89e53-000e1448,HVAC System Overall,,,,,,,,,,
HVAC,bill.east@us.army.mil,2013-12-30T08:57:57,21-51 51 16: Air Distribution,Supply Diffuser 600 Face- 852602,"Autodesk Revit 2014, Build: 20131024_2115(x64)",Autodesk.Revit.DB.Mechanical.MechanicalSystem,8c770c23-0820-4a66-8dd9-174c48c89e53-000e1448,HVAC System Overall,,,,,,,,,,
HVAC,bill.east@us.army.mil,2013-12-30T08:57:57,21-51 51 16: Air Distribution,Supply Diffuser 600 Face- 852603,"Autodesk Revit 2014, Build: 20131024_2115(x64)",Autodesk.Revit.DB.Mechanical.MechanicalSystem,8c770c23-0820-4a66-8dd9-174c48c89e53-000e1448,HVAC System Overall,,,,,,,,,,
HVAC,bill.east@us.army.mil,2013-12-30T08:57:57,21-51 51 16: Air Distribution,Supply Diffuser 600 Face- 852604,"Autodesk Revit 2014, Build: 20131024_2115(x64)",Autodesk.Revit.DB.Mechanical.MechanicalSystem,8c770c23-0820-4a66-8dd9-174c48c89e53-000e1448,HVAC System Overall,,,,,,,,,,
HVAC,bill.east@us.army.mil,2013-12-30T08:57:57,21-51 51 16: Air Distribution,Supply Diffuser 600 Face- 177,"Autodesk Revit 2014, Build: 20131024_2115(x64)",Autodesk.Revit.DB.Mechanical.MechanicalSystem,8c770c23-0820-4a66-8dd9-174c48c89e53-000e1448,HVAC System Overall,,,,,,,,,,
HVAC,bill.east@us.army.mil,2013-12-30T08:57:57,21-51 51 16: Air Distribution,Supply Diffuser 600 Face- 852606,"Autodesk Revit 2014, Build: 20131024_2115(x64)",Autodesk.Revit.DB.Mechanical.MechanicalSystem,8c770c23-0820-4a66-8dd9-174c48c89e53-000e1448,HVAC System Overall,,,,,,,,,,
HVAC,bill.east@us.army.mil,2013-12-30T08:57:57,21-51 51 16: Air Distribution,Supply Diffuser 600 Face- 852607,"Autodesk Revit 2014, Build: 20131024_2115(x64)",Autodesk.Revit.DB.Mechanical.MechanicalSystem,8c770c23-0820-4a66-8dd9-174c48c89e53-000e1448,HVAC System Overall,,,,,,,,,,
HVAC,bill.east@us.army.mil,2013-12-30T08:57:57,21-51 51 16: Air Distribution,Supply Diffuser 600 Face- 852608,"Autodesk Revit 2014, Build: 20131024_2115(x64)",Autodesk.Revit.DB.Mechanical.MechanicalSystem,8c770c23-0820-4a66-8dd9-174c48c89e53-000e1448,HVAC System Overall,,,,,,,,,,
HVAC,bill.east@us.army.mil,2013-12-30T08:57:57,21-51 51 16: Air Distribution,Supply Diffuser 600 Face- 852609,"Autodesk Revit 2014, Build: 20131024_2115(x64)",Autodesk.Revit.DB.Mechanical.MechanicalSystem,8c770c23-0820-4a66-8dd9-174c48c89e53-000e1448,HVAC System Overall,,,,,,,,,,
HVAC,bill.east@us.army.mil,2013-12-30T08:57:57,21-51 51 16: Air Distribution,Supply Diffuser 600 Face- 852610,"Autodesk Revit 2014, Build: 20131024_2115(x64)",Autodesk.Revit.DB.Mechanical.MechanicalSystem,8c770c23-0820-4a66-8dd9-174c48c89e53-000e1448,HVAC System Overall,,,,,,,,,,
HVAC,bill.east@us.army.mil,2013-12-30T08:57:57,21-51 51 16: Air Distribution,Supply Diffuser 600 Face- 852611,"Autodesk Revit 2014, Build: 20131024_2115(x64)",Autodesk.Revit.DB.Mechanical.MechanicalSystem,8c770c23-0820-4a66-8dd9-174c48c89e53-000e1448,HVAC System Overall,,,,,,,,,,
HVAC,bill.east@us.army.mil,2013-12-30T08:57:57,21-51 51 16: Air Distribution,Supply Diffuser 600 Face- 852612,"Autodesk Revit 2014, Build: 20131024_2115(x64)",Autodesk.Revit.DB.Mechanical.MechanicalSystem,8c770c23-0820-4a66-8dd9-174c48c89e53-000e1448,HVAC System Overall,,,,,,,,,,
HVAC,bill.east@us.army.mil,2013-12-30T08:57:57,21-51 51 16: Air Distribution,Supply Diffuser 600 Face- 852613,"Autodesk Revit 2014, Build: 20131024_2115(x64)",Autodesk.Revit.DB.Mechanical.MechanicalSystem,8c770c23-0820-4a66-8dd9-174c48c89e53-000e1448,HVAC System Overall,,,,,,,,,,
HVAC,bill.east@us.army.mil,2013-12-30T08:57:57,21-51 51 16: Air Distribution,Supply Diffuser 600 Face- 852614,"Autodesk Revit 2014, Build: 20131024_2115(x64)",Autodesk.Revit.DB.Mechanical.MechanicalSystem,8c770c23-0820-4a66-8dd9-174c48c89e53-000e1448,HVAC System Overall,,,,,,,,,,
HVAC,bill.east@us.army.mil,2013-12-30T08:57:57,21-51 51 16: Air Distribution,Supply Diffuser 600 Face- 852615,"Autodesk Revit 2014, Build: 20131024_2115(x64)",Autodesk.Revit.DB.Mechanical.MechanicalSystem,8c770c23-0820-4a66-8dd9-174c48c89e53-000e1448,HVAC System Overall,,,,,,,,,,
HVAC,bill.east@us.army.mil,2013-12-30T08:57:57,21-51 51 16: Air Distribution,Supply Diffuser 600 Face- 852616,"Autodesk Revit 2014, Build: 20131024_2115(x64)",Autodesk.Revit.DB.Mechanical.MechanicalSystem,8c770c23-0820-4a66-8dd9-174c48c89e53-000e1448,HVAC System Overall,,,,,,,,,,
HVAC,bill.east@us.army.mil,2013-12-30T08:57:57,21-51 51 16: Air Distribution,Supply Diffuser 600 Face- 852617,"Autodesk Revit 2014, Build: 20131024_2115(x64)",Autodesk.Revit.DB.Mechanical.MechanicalSystem,8c770c23-0820-4a66-8dd9-174c48c89e53-000e1448,HVAC System Overall,,,,,,,,,,
HVAC,bill.east@us.army.mil,2013-12-30T08:57:57,21-51 51 16: Air Distribution,Supply Diffuser 600 Face- 852618,"Autodesk Revit 2014, Build: 20131024_2115(x64)",Autodesk.Revit.DB.Mechanical.MechanicalSystem,8c770c23-0820-4a66-8dd9-174c48c89e53-000e1448,HVAC System Overall,,,,,,,,,,
HVAC,bill.east@us.army.mil,2013-12-30T08:57:57,21-51 51 16: Air Distribution,Supply Diffuser 600 Face- 852619,"Autodesk Revit 2014, Build: 20131024_2115(x64)",Autodesk.Revit.DB.Mechanical.MechanicalSystem,8c770c23-0820-4a66-8dd9-174c48c89e53-000e1448,HVAC System Overall,,,,,,,,,,
HVAC,bill.east@us.army.mil,2013-12-30T08:57:57,21-51 51 16: Air Distribution,Supply Diffuser 600 Face- 852620,"Autodesk Revit 2014, Build: 20131024_2115(x64)",Autodesk.Revit.DB.Mechanical.MechanicalSystem,8c770c23-0820-4a66-8dd9-174c48c89e53-000e1448,HVAC System Overall,,,,,,,,,,
HVAC,bill.east@us.army.mil,2013-12-30T08:57:57,21-51 51 16: Air Distribution,Supply Diffuser 600 Face- 852621,"Autodesk Revit 2014, Build: 20131024_2115(x64)",Autodesk.Revit.DB.Mechanical.MechanicalSystem,8c770c23-0820-4a66-8dd9-174c48c89e53-000e1448,HVAC System Overall,,,,,,,,,,
HVAC,bill.east@us.army.mil,2013-12-30T08:57:57,21-51 51 16: Air Distribution,Supply Diffuser 600 Face- 852622,"Autodesk Revit 2014, Build: 20131024_2115(x64)",Autodesk.Revit.DB.Mechanical.MechanicalSystem,8c770c23-0820-4a66-8dd9-174c48c89e53-000e1448,HVAC System Overall,,,,,,,,,,
HVAC,bill.east@us.army.mil,2013-12-30T08:57:57,21-51 51 16: Air Distribution,Supply Diffuser 600 Face- 852623,"Autodesk Revit 2014, Build: 20131024_2115(x64)",Autodesk.Revit.DB.Mechanical.MechanicalSystem,8c770c23-0820-4a66-8dd9-174c48c89e53-000e1448,HVAC System Overall,,,,,,,,,,
HVAC,bill.east@us.army.mil,2013-12-30T08:57:57,21-51 51 16: Air Distribution,Supply Diffuser 600 Face- 852624,"Autodesk Revit 2014, Build: 20131024_2115(x64)",Autodesk.Revit.DB.Mechanical.MechanicalSystem,8c770c23-0820-4a66-8dd9-174c48c89e53-000e1448,HVAC System Overall,,,,,,,,,,
HVAC,bill.east@us.army.mil,2013-12-30T08:57:57,21-51 51 16: Air Distribution,Supply Diffuser 600 Face- 852625,"Autodesk Revit 2014, Build: 20131024_2115(x64)",Autodesk.Revit.DB.Mechanical.MechanicalSystem,8c770c23-0820-4a66-8dd9-174c48c89e53-000e1448,HVAC System Overall,,,,,,,,,,
HVAC,bill.east@us.army.mil,2013-12-30T08:57:57,21-51 51 16: Air Distribution,Supply Diffuser 600 Face- 852626,"Autodesk Revit 2014, Build: 20131024_2115(x64)",Autodesk.Revit.DB.Mechanical.MechanicalSystem,8c770c23-0820-4a66-8dd9-174c48c89e53-000e1448,HVAC System Overall,,,,,,,,,,
HVAC,bill.east@us.army.mil,2013-12-30T08:57:57,21-51 51 16: Air Distribution,Supply Diffuser 600 Face- 852627,"Autodesk Revit 2014, Build: 20131024_2115(x64)",Autodesk.Revit.DB.Mechanical.MechanicalSystem,8c770c23-0820-4a66-8dd9-174c48c89e53-000e1448,HVAC System Overall,,,,,,,,,,
HVAC,bill.east@us.army.mil,2013-12-30T08:57:57,21-51 51 16: Air Distribution,Supply Diffuser 600 Face- 852629,"Autodesk Revit 2014, Build: 20131024_2115(x64)",Autodesk.Revit.DB.Mechanical.MechanicalSystem,8c770c23-0820-4a66-8dd9-174c48c89e53-000e1448,HVAC System Overall,,,,,,,,,,
HVAC,bill.east@us.army.mil,2013-12-30T08:57:57,21-51 51 16: Air Distribution,Supply Diffuser 600 Face- 852630,"Autodesk Revit 2014, Build: 20131024_2115(x64)",Autodesk.Revit.DB.Mechanical.MechanicalSystem,8c770c23-0820-4a66-8dd9-174c48c89e53-000e1448,HVAC System Overall,,,,,,,,,,
HVAC,bill.east@us.army.mil,2013-12-30T08:57:57,21-51 51 16: Air Distribution,Supply Diffuser 600 Face- 852631,"Autodesk Revit 2014, Build: 20131024_2115(x64)",Autodesk.Revit.DB.Mechanical.MechanicalSystem,8c770c23-0820-4a66-8dd9-174c48c89e53-000e1448,HVAC System Overall,,,,,,,,,,
HVAC,bill.east@us.army.mil,2013-12-30T08:57:57,21-51 51 16: Air Distribution,Supply Diffuser 600 Face- 852632,"Autodesk Revit 2014, Build: 20131024_2115(x64)",Autodesk.Revit.DB.Mechanical.MechanicalSystem,8c770c23-0820-4a66-8dd9-174c48c89e53-000e1448,HVAC System Overall,,,,,,,,,,
HVAC,bill.east@us.army.mil,2013-12-30T08:57:57,21-51 51 16: Air Distribution,Supply Diffuser 600 Face- 852633,"Autodesk Revit 2014, Build: 20131024_2115(x64)",Autodesk.Revit.DB.Mechanical.MechanicalSystem,8c770c23-0820-4a66-8dd9-174c48c89e53-000e1448,HVAC System Overall,,,,,,,,,,
HVAC,bill.east@us.army.mil,2013-12-30T08:57:57,21-51 51 16: Air Distribution,Supply Diffuser 600 Face- 852634,"Autodesk Revit 2014, Build: 20131024_2115(x64)",Autodesk.Revit.DB.Mechanical.MechanicalSystem,8c770c23-0820-4a66-8dd9-174c48c89e53-000e1448,HVAC System Overall,,,,,,,,,,
HVAC,bill.east@us.army.mil,2013-12-30T08:57:57,21-51 51 16: Air Distribution,Supply Diffuser 600 Face- 852635,"Autodesk Revit 2014, Build: 20131024_2115(x64)",Autodesk.Revit.DB.Mechanical.MechanicalSystem,8c770c23-0820-4a66-8dd9-174c48c89e53-000e1448,HVAC System Overall,,,,,,,,,,
HVAC,bill.east@us.army.mil,2013-12-30T08:57:57,21-51 51 16: Air Distribution,Supply Diffuser 600 Face- 852636,"Autodesk Revit 2014, Build: 20131024_2115(x64)",Autodesk.Revit.DB.Mechanical.MechanicalSystem,8c770c23-0820-4a66-8dd9-174c48c89e53-000e1448,HVAC System Overall,,,,,,,,,,
HVAC,bill.east@us.army.mil,2013-12-30T08:57:57,21-51 51 16: Air Distribution,Supply Diffuser 600 Face- 852637,"Autodesk Revit 2014, Build: 20131024_2115(x64)",Autodesk.Revit.DB.Mechanical.MechanicalSystem,8c770c23-0820-4a66-8dd9-174c48c89e53-000e1448,HVAC System Overall,,,,,,,,,,
HVAC,bill.east@us.army.mil,2013-12-30T08:57:57,21-51 51 16: Air Distribution,Supply Diffuser 600 Face- 852638,"Autodesk Revit 2014, Build: 20131024_2115(x64)",Autodesk.Revit.DB.Mechanical.MechanicalSystem,8c770c23-0820-4a66-8dd9-174c48c89e53-000e1448,HVAC System Overall,,,,,,,,,,
HVAC,bill.east@us.army.mil,2013-12-30T08:57:57,21-51 51 16: Air Distribution,Supply Diffuser 600 Face- 852639,"Autodesk Revit 2014, Build: 20131024_2115(x64)",Autodesk.Revit.DB.Mechanical.MechanicalSystem,8c770c23-0820-4a66-8dd9-174c48c89e53-000e1448,HVAC System Overall,,,,,,,,,,
HVAC,bill.east@us.army.mil,2013-12-30T08:57:57,21-51 51 16: Air Distribution,Supply Diffuser 600 Face- 852640,"Autodesk Revit 2014, Build: 20131024_2115(x64)",Autodesk.Revit.DB.Mechanical.MechanicalSystem,8c770c23-0820-4a66-8dd9-174c48c89e53-000e1448,HVAC System Overall,,,,,,,,,,
HVAC,bill.east@us.army.mil,2013-12-30T08:57:57,21-51 51 16: Air Distribution,Supply Diffuser 600 Face- 852642,"Autodesk Revit 2014, Build: 20131024_2115(x64)",Autodesk.Revit.DB.Mechanical.MechanicalSystem,8c770c23-0820-4a66-8dd9-174c48c89e53-000e1448,HVAC System Overall,,,,,,,,,,
HVAC,bill.east@us.army.mil,2013-12-30T08:57:57,21-51 51 16: Air Distribution,Supply Diffuser 600 Face- 852643,"Autodesk Revit 2014, Build: 20131024_2115(x64)",Autodesk.Revit.DB.Mechanical.MechanicalSystem,8c770c23-0820-4a66-8dd9-174c48c89e53-000e1448,HVAC System Overall,,,,,,,,,,
HVAC,bill.east@us.army.mil,2013-12-30T08:57:57,21-51 51 16: Air Distribution,Supply Diffuser 600 Face- 852644,"Autodesk Revit 2014, Build: 20131024_2115(x64)",Autodesk.Revit.DB.Mechanical.MechanicalSystem,8c770c23-0820-4a66-8dd9-174c48c89e53-000e1448,HVAC System Overall,,,,,,,,,,
HVAC,bill.east@us.army.mil,2013-12-30T08:57:57,21-51 51 16: Air Distribution,Supply Diffuser 600 Face- 852645,"Autodesk Revit 2014, Build: 20131024_2115(x64)",Autodesk.Revit.DB.Mechanical.MechanicalSystem,8c770c23-0820-4a66-8dd9-174c48c89e53-000e1448,HVAC System Overall,,,,,,,,,,
HVAC,bill.east@us.army.mil,2013-12-30T08:57:57,21-51 51 16: Air Distribution,Supply Diffuser 600 Face- 852646,"Autodesk Revit 2014, Build: 20131024_2115(x64)",Autodesk.Revit.DB.Mechanical.MechanicalSystem,8c770c23-0820-4a66-8dd9-174c48c89e53-000e1448,HVAC System Overall,,,,,,,,,,
HVAC,bill.east@us.army.mil,2013-12-30T08:57:57,21-51 51 16: Air Distribution,Supply Diffuser 600 Face- 852647,"Autodesk Revit 2014, Build: 20131024_2115(x64)",Autodesk.Revit.DB.Mechanical.MechanicalSystem,8c770c23-0820-4a66-8dd9-174c48c89e53-000e1448,HVAC System Overall,,,,,,,,,,
HVAC,bill.east@us.army.mil,2013-12-30T08:57:57,21-51 51 16: Air Distribution,Supply Diffuser 600 Face- 852648,"Autodesk Revit 2014, Build: 20131024_2115(x64)",Autodesk.Revit.DB.Mechanical.MechanicalSystem,8c770c23-0820-4a66-8dd9-174c48c89e53-000e1448,HVAC System Overall,,,,,,,,,,
HVAC,bill.east@us.army.mil,2013-12-30T08:57:57,21-51 51 16: Air Distribution,Supply Diffuser 600 Face- 852649,"Autodesk Revit 2014, Build: 20131024_2115(x64)",Autodesk.Revit.DB.Mechanical.MechanicalSystem,8c770c23-0820-4a66-8dd9-174c48c89e53-000e1448,HVAC System Overall,,,,,,,,,,
HVAC,bill.east@us.army.mil,2013-12-30T08:57:57,21-51 51 16: Air Distribution,Supply Diffuser 600 Face- 852650,"Autodesk Revit 2014, Build: 20131024_2115(x64)",Autodesk.Revit.DB.Mechanical.MechanicalSystem,8c770c23-0820-4a66-8dd9-174c48c89e53-000e1448,HVAC System Overall,,,,,,,,,,
HVAC,bill.east@us.army.mil,2013-12-30T08:57:57,21-51 51 16: Air Distribution,Supply Diffuser 600 Face- 852651,"Autodesk Revit 2014, Build: 20131024_2115(x64)",Autodesk.Revit.DB.Mechanical.MechanicalSystem,8c770c23-0820-4a66-8dd9-174c48c89e53-000e1448,HVAC System Overall,,,,,,,,,,
HVAC,bill.east@us.army.mil,2013-12-30T08:57:57,21-51 51 16: Air Distribution,Supply Diffuser 600 Face- 852652,"Autodesk Revit 2014, Build: 20131024_2115(x64)",Autodesk.Revit.DB.Mechanical.MechanicalSystem,8c770c23-0820-4a66-8dd9-174c48c89e53-000e1448,HVAC System Overall,,,,,,,,,,
HVAC,bill.east@us.army.mil,2013-12-30T08:57:57,21-51 51 16: Air Distribution,Supply Diffuser 600 Face- 852653,"Autodesk Revit 2014, Build: 20131024_2115(x64)",Autodesk.Revit.DB.Mechanical.MechanicalSystem,8c770c23-0820-4a66-8dd9-174c48c89e53-000e1448,HVAC System Overall,,,,,,,,,,
HVAC,bill.east@us.army.mil,2013-12-30T08:57:57,21-51 51 16: Air Distribution,Supply Diffuser 600 Face- 852654,"Autodesk Revit 2014, Build: 20131024_2115(x64)",Autodesk.Revit.DB.Mechanical.MechanicalSystem,8c770c23-0820-4a66-8dd9-174c48c89e53-000e1448,HVAC System Overall,,,,,,,,,,
HVAC,bill.east@us.army.mil,2013-12-30T08:57:57,21-51 51 16: Air Distribution,Supply Diffuser 600 Face- 852655,"Autodesk Revit 2014, Build: 20131024_2115(x64)",Autodesk.Revit.DB.Mechanical.MechanicalSystem,8c770c23-0820-4a66-8dd9-174c48c89e53-000e1448,HVAC System Overall,,,,,,,,,,
HVAC,bill.east@us.army.mil,2013-12-30T08:57:57,21-51 51 16: Air Distribution,Supply Diffuser 600 Face- 852656,"Autodesk Revit 2014, Build: 20131024_2115(x64)",Autodesk.Revit.DB.Mechanical.MechanicalSystem,8c770c23-0820-4a66-8dd9-174c48c89e53-000e1448,HVAC System Overall,,,,,,,,,,
HVAC,bill.east@us.army.mil,2013-12-30T08:57:57,21-51 51 16: Air Distribution,Supply Diffuser 600 Face- 852657,"Autodesk Revit 2014, Build: 20131024_2115(x64)",Autodesk.Revit.DB.Mechanical.MechanicalSystem,8c770c23-0820-4a66-8dd9-174c48c89e53-000e1448,HVAC System Overall,,,,,,,,,,
HVAC,bill.east@us.army.mil,2013-12-30T08:57:57,21-51 51 16: Air Distribution,Supply Diffuser 600 Face- 852658,"Autodesk Revit 2014, Build: 20131024_2115(x64)",Autodesk.Revit.DB.Mechanical.MechanicalSystem,8c770c23-0820-4a66-8dd9-174c48c89e53-000e1448,HVAC System Overall,,,,,,,,,,
HVAC,bill.east@us.army.mil,2013-12-30T08:57:57,21-51 51 16: Air Distribution,Supply Diffuser 600 Face- 852659,"Autodesk Revit 2014, Build: 20131024_2115(x64)",Autodesk.Revit.DB.Mechanical.MechanicalSystem,8c770c23-0820-4a66-8dd9-174c48c89e53-000e1448,HVAC System Overall,,,,,,,,,,
HVAC,bill.east@us.army.mil,2013-12-30T08:57:57,21-51 51 16: Air Distribution,Supply Diffuser 600 Face- 852660,"Autodesk Revit 2014, Build: 20131024_2115(x64)",Autodesk.Revit.DB.Mechanical.MechanicalSystem,8c770c23-0820-4a66-8dd9-174c48c89e53-000e1448,HVAC System Overall,,,,,,,,,,
HVAC,bill.east@us.army.mil,2013-12-30T08:57:57,21-51 51 16: Air Distribution,Supply Diffuser 600 Face- 852661,"Autodesk Revit 2014, Build: 20131024_2115(x64)",Autodesk.Revit.DB.Mechanical.MechanicalSystem,8c770c23-0820-4a66-8dd9-174c48c89e53-000e1448,HVAC System Overall,,,,,,,,,,
HVAC,bill.east@us.army.mil,2013-12-30T08:57:57,21-51 51 16: Air Distribution,Supply Diffuser 600 Face- 852662,"Autodesk Revit 2014, Build: 20131024_2115(x64)",Autodesk.Revit.DB.Mechanical.MechanicalSystem,8c770c23-0820-4a66-8dd9-174c48c89e53-000e1448,HVAC System Overall,,,,,,,,,,
HVAC,bill.east@us.army.mil,2013-12-30T08:57:57,21-51 51 16: Air Distribution,Supply Diffuser 600 Face- 852663,"Autodesk Revit 2014, Build: 20131024_2115(x64)",Autodesk.Revit.DB.Mechanical.MechanicalSystem,8c770c23-0820-4a66-8dd9-174c48c89e53-000e1448,HVAC System Overall,,,,,,,,,,
HVAC,bill.east@us.army.mil,2013-12-30T08:57:57,21-51 51 16: Air Distribution,Supply Diffuser 600 Face- 852664,"Autodesk Revit 2014, Build: 20131024_2115(x64)",Autodesk.Revit.DB.Mechanical.MechanicalSystem,8c770c23-0820-4a66-8dd9-174c48c89e53-000e1448,HVAC System Overall,,,,,,,,,,
HVAC,bill.east@us.army.mil,2013-12-30T08:57:57,21-51 51 16: Air Distribution,Supply Diffuser 600 Face- 852665,"Autodesk Revit 2014, Build: 20131024_2115(x64)",Autodesk.Revit.DB.Mechanical.MechanicalSystem,8c770c23-0820-4a66-8dd9-174c48c89e53-000e1448,HVAC System Overall,,,,,,,,,,
HVAC,bill.east@us.army.mil,2013-12-30T08:57:57,21-51 51 16: Air Distribution,Supply Diffuser 600 Face- 852666,"Autodesk Revit 2014, Build: 20131024_2115(x64)",Autodesk.Revit.DB.Mechanical.MechanicalSystem,8c770c23-0820-4a66-8dd9-174c48c89e53-000e1448,HVAC System Overall,,,,,,,,,,
HVAC,bill.east@us.army.mil,2013-12-30T08:57:57,21-51 51 16: Air Distribution,Supply Diffuser 600 Face- 852667,"Autodesk Revit 2014, Build: 20131024_2115(x64)",Autodesk.Revit.DB.Mechanical.MechanicalSystem,8c770c23-0820-4a66-8dd9-174c48c89e53-000e1448,HVAC System Overall,,,,,,,,,,
HVAC,bill.east@us.army.mil,2013-12-30T08:57:57,21-51 51 16: Air Distribution,Supply Diffuser 600 Face- 852668,"Autodesk Revit 2014, Build: 20131024_2115(x64)",Autodesk.Revit.DB.Mechanical.MechanicalSystem,8c770c23-0820-4a66-8dd9-174c48c89e53-000e1448,HVAC System Overall,,,,,,,,,,
HVAC,bill.east@us.army.mil,2013-12-30T08:57:57,21-51 51 16: Air Distribution,Supply Diffuser 600 Face- 852669,"Autodesk Revit 2014, Build: 20131024_2115(x64)",Autodesk.Revit.DB.Mechanical.MechanicalSystem,8c770c23-0820-4a66-8dd9-174c48c89e53-000e1448,HVAC System Overall,,,,,,,,,,
HVAC,bill.east@us.army.mil,2013-12-30T08:57:57,21-51 51 16: Air Distribution,Supply Diffuser 600 Face- 852670,"Autodesk Revit 2014, Build: 20131024_2115(x64)",Autodesk.Revit.DB.Mechanical.MechanicalSystem,8c770c23-0820-4a66-8dd9-174c48c89e53-000e1448,HVAC System Overall,,,,,,,,,,
HVAC,bill.east@us.army.mil,2013-12-30T08:57:57,21-51 51 16: Air Distribution,Supply Diffuser 600 Face- 852671,"Autodesk Revit 2014, Build: 20131024_2115(x64)",Autodesk.Revit.DB.Mechanical.MechanicalSystem,8c770c23-0820-4a66-8dd9-174c48c89e53-000e1448,HVAC System Overall,,,,,,,,,,
HVAC,bill.east@us.army.mil,2013-12-30T08:57:57,21-51 51 16: Air Distribution,Supply Diffuser 600 Face- 852672,"Autodesk Revit 2014, Build: 20131024_2115(x64)",Autodesk.Revit.DB.Mechanical.MechanicalSystem,8c770c23-0820-4a66-8dd9-174c48c89e53-000e1448,HVAC System Overall,,,,,,,,,,
HVAC,bill.east@us.army.mil,2013-12-30T08:57:57,21-51 51 16: Air Distribution,Supply Diffuser 600 Face- 852673,"Autodesk Revit 2014, Build: 20131024_2115(x64)",Autodesk.Revit.DB.Mechanical.MechanicalSystem,8c770c23-0820-4a66-8dd9-174c48c89e53-000e1448,HVAC System Overall,,,,,,,,,,
HVAC,bill.east@us.army.mil,2013-12-30T08:57:57,21-51 51 16: Air Distribution,Supply Diffuser 600 Face- 852674,"Autodesk Revit 2014, Build: 20131024_2115(x64)",Autodesk.Revit.DB.Mechanical.MechanicalSystem,8c770c23-0820-4a66-8dd9-174c48c89e53-000e1448,HVAC System Overall,,,,,,,,,,
HVAC,bill.east@us.army.mil,2013-12-30T08:57:57,21-51 51 16: Air Distribution,Supply Diffuser 600 Face- 852675,"Autodesk Revit 2014, Build: 20131024_2115(x64)",Autodesk.Revit.DB.Mechanical.MechanicalSystem,8c770c23-0820-4a66-8dd9-174c48c89e53-000e1448,HVAC System Overall,,,,,,,,,,
HVAC,bill.east@us.army.mil,2013-12-30T08:57:57,21-51 51 16: Air Distribution,Supply Diffuser 600 Face- 852676,"Autodesk Revit 2014, Build: 20131024_2115(x64)",Autodesk.Revit.DB.Mechanical.MechanicalSystem,8c770c23-0820-4a66-8dd9-174c48c89e53-000e1448,HVAC System Overall,,,,,,,,,,
HVAC,bill.east@us.army.mil,2013-12-30T08:57:57,21-51 51 16: Air Distribution,Supply Diffuser 600 Face- 852677,"Autodesk Revit 2014, Build: 20131024_2115(x64)",Autodesk.Revit.DB.Mechanical.MechanicalSystem,8c770c23-0820-4a66-8dd9-174c48c89e53-000e1448,HVAC System Overall,,,,,,,,,,
HVAC,bill.east@us.army.mil,2013-12-30T08:57:57,21-51 51 16: Air Distribution,Supply Diffuser 600 Face- 852678,"Autodesk Revit 2014, Build: 20131024_2115(x64)",Autodesk.Revit.DB.Mechanical.MechanicalSystem,8c770c23-0820-4a66-8dd9-174c48c89e53-000e1448,HVAC System Overall,,,,,,,,,,
HVAC,bill.east@us.army.mil,2013-12-30T08:57:57,21-51 51 16: Air Distribution,Supply Diffuser 600 Face- 852679,"Autodesk Revit 2014, Build: 20131024_2115(x64)",Autodesk.Revit.DB.Mechanical.MechanicalSystem,8c770c23-0820-4a66-8dd9-174c48c89e53-000e1448,HVAC System Overall,,,,,,,,,,
HVAC,bill.east@us.army.mil,2013-12-30T08:57:57,21-51 51 16: Air Distribution,Supply Diffuser 600 Face- 852680,"Autodesk Revit 2014, Build: 20131024_2115(x64)",Autodesk.Revit.DB.Mechanical.MechanicalSystem,8c770c23-0820-4a66-8dd9-174c48c89e53-000e1448,HVAC System Overall,,,,,,,,,,
HVAC,bill.east@us.army.mil,2013-12-30T08:57:57,21-51 51 16: Air Distribution,Supply Diffuser 600 Face- 852681,"Autodesk Revit 2014, Build: 20131024_2115(x64)",Autodesk.Revit.DB.Mechanical.MechanicalSystem,8c770c23-0820-4a66-8dd9-174c48c89e53-000e1448,HVAC System Overall,,,,,,,,,,
HVAC,bill.east@us.army.mil,2013-12-30T08:57:57,21-51 51 16: Air Distribution,Supply Diffuser 600 Face- 852682,"Autodesk Revit 2014, Build: 20131024_2115(x64)",Autodesk.Revit.DB.Mechanical.MechanicalSystem,8c770c23-0820-4a66-8dd9-174c48c89e53-000e1448,HVAC System Overall,,,,,,,,,,
HVAC,bill.east@us.army.mil,2013-12-30T08:57:57,21-51 51 16: Air Distribution,Supply Diffuser 600 Face- 852683,"Autodesk Revit 2014, Build: 20131024_2115(x64)",Autodesk.Revit.DB.Mechanical.MechanicalSystem,8c770c23-0820-4a66-8dd9-174c48c89e53-000e1448,HVAC System Overall,,,,,,,,,,
HVAC,bill.east@us.army.mil,2013-12-30T08:57:57,21-51 51 16: Air Distribution,Supply Diffuser 600 Face- 852684,"Autodesk Revit 2014, Build: 20131024_2115(x64)",Autodesk.Revit.DB.Mechanical.MechanicalSystem,8c770c23-0820-4a66-8dd9-174c48c89e53-000e1448,HVAC System Overall,,,,,,,,,,
HVAC,bill.east@us.army.mil,2013-12-30T08:57:57,21-51 51 16: Air Distribution,Supply Diffuser 600 Face- 852685,"Autodesk Revit 2014, Build: 20131024_2115(x64)",Autodesk.Revit.DB.Mechanical.MechanicalSystem,8c770c23-0820-4a66-8dd9-174c48c89e53-000e1448,HVAC System Overall,,,,,,,,,,
HVAC,bill.east@us.army.mil,2013-12-30T08:57:57,21-51 51 16: Air Distribution,Supply Diffuser 600 Face- 852687,"Autodesk Revit 2014, Build: 20131024_2115(x64)",Autodesk.Revit.DB.Mechanical.MechanicalSystem,8c770c23-0820-4a66-8dd9-174c48c89e53-000e1448,HVAC System Overall,,,,,,,,,,
HVAC,bill.east@us.army.mil,2013-12-30T08:57:57,21-51 51 16: Air Distribution,Supply Diffuser 600 Face- 852688,"Autodesk Revit 2014, Build: 20131024_2115(x64)",Autodesk.Revit.DB.Mechanical.MechanicalSystem,8c770c23-0820-4a66-8dd9-174c48c89e53-000e1448,HVAC System Overall,,,,,,,,,,
HVAC,bill.east@us.army.mil,2013-12-30T08:57:57,21-51 51 16: Air Distribution,Supply Diffuser 600 Face- 852689,"Autodesk Revit 2014, Build: 20131024_2115(x64)",Autodesk.Revit.DB.Mechanical.MechanicalSystem,8c770c23-0820-4a66-8dd9-174c48c89e53-000e1448,HVAC System Overall,,,,,,,,,,
HVAC,bill.east@us.army.mil,2013-12-30T08:57:57,21-51 51 16: Air Distribution,Supply Diffuser 600 Face- 852690,"Autodesk Revit 2014, Build: 20131024_2115(x64)",Autodesk.Revit.DB.Mechanical.MechanicalSystem,8c770c23-0820-4a66-8dd9-174c48c89e53-000e1448,HVAC System Overall,,,,,,,,,,
HVAC,bill.east@us.army.mil,2013-12-30T08:57:57,21-51 51 16: Air Distribution,Supply Diffuser 600 Face- 852691,"Autodesk Revit 2014, Build: 20131024_2115(x64)",Autodesk.Revit.DB.Mechanical.MechanicalSystem,8c770c23-0820-4a66-8dd9-174c48c89e53-000e1448,HVAC System Overall,,,,,,,,,,
HVAC,bill.east@us.army.mil,2013-12-30T08:57:57,21-51 51 16: Air Distribution,Supply Diffuser 600 Face- 852692,"Autodesk Revit 2014, Build: 20131024_2115(x64)",Autodesk.Revit.DB.Mechanical.MechanicalSystem,8c770c23-0820-4a66-8dd9-174c48c89e53-000e1448,HVAC System Overall,,,,,,,,,,
HVAC,bill.east@us.army.mil,2013-12-30T08:57:57,21-51 51 16: Air Distribution,Supply Diffuser 600 Face- 852693,"Autodesk Revit 2014, Build: 20131024_2115(x64)",Autodesk.Revit.DB.Mechanical.MechanicalSystem,8c770c23-0820-4a66-8dd9-174c48c89e53-000e1448,HVAC System Overall,,,,,,,,,,
HVAC,bill.east@us.army.mil,2013-12-30T08:57:57,21-51 51 16: Air Distribution,Supply Diffuser 600 Face- 852694,"Autodesk Revit 2014, Build: 20131024_2115(x64)",Autodesk.Revit.DB.Mechanical.MechanicalSystem,8c770c23-0820-4a66-8dd9-174c48c89e53-000e1448,HVAC System Overall,,,,,,,,,,
HVAC,bill.east@us.army.mil,2013-12-30T08:57:57,21-51 51 16: Air Distribution,Supply Diffuser 600 Face- 852695,"Autodesk Revit 2014, Build: 20131024_2115(x64)",Autodesk.Revit.DB.Mechanical.MechanicalSystem,8c770c23-0820-4a66-8dd9-174c48c89e53-000e1448,HVAC System Overall,,,,,,,,,,
HVAC,bill.east@us.army.mil,2013-12-30T08:57:57,21-51 51 16: Air Distribution,Supply Diffuser 600 Face- 852696,"Autodesk Revit 2014, Build: 20131024_2115(x64)",Autodesk.Revit.DB.Mechanical.MechanicalSystem,8c770c23-0820-4a66-8dd9-174c48c89e53-000e1448,HVAC System Overall,,,,,,,,,,
HVAC,bill.east@us.army.mil,2013-12-30T08:57:57,21-51 51 16: Air Distribution,Supply Diffuser 600 Face- 852697,"Autodesk Revit 2014, Build: 20131024_2115(x64)",Autodesk.Revit.DB.Mechanical.MechanicalSystem,8c770c23-0820-4a66-8dd9-174c48c89e53-000e1448,HVAC System Overall,,,,,,,,,,
HVAC,bill.east@us.army.mil,2013-12-30T08:57:57,21-51 51 16: Air Distribution,Supply Diffuser 600 Face- 852698,"Autodesk Revit 2014, Build: 20131024_2115(x64)",Autodesk.Revit.DB.Mechanical.MechanicalSystem,8c770c23-0820-4a66-8dd9-174c48c89e53-000e1448,HVAC System Overall,,,,,,,,,,
HVAC,bill.east@us.army.mil,2013-12-30T08:57:57,21-51 51 16: Air Distribution,3_852960,"Autodesk Revit 2014, Build: 20131024_2115(x64)",Autodesk.Revit.DB.Mechanical.MechanicalSystem,8c770c23-0820-4a66-8dd9-174c48c89e53-000e1448,HVAC System Overall,,,,,,,,,,
HVAC,bill.east@us.army.mil,2013-12-30T08:57:57,21-51 51 16: Air Distribution,HVAC Ducts_852962,"Autodesk Revit 2014, Build: 20131024_2115(x64)",Autodesk.Revit.DB.Mechanical.MechanicalSystem,8c770c23-0820-4a66-8dd9-174c48c89e53-000e1448,HVAC System Overall,,,,,,,,,,
HVAC,bill.east@us.army.mil,2013-12-30T08:57:57,21-51 51 16: Air Distribution,5_852981,"Autodesk Revit 2014, Build: 20131024_2115(x64)",Autodesk.Revit.DB.Mechanical.MechanicalSystem,8c770c23-0820-4a66-8dd9-174c48c89e53-000e1448,HVAC System Overall,,,,,,,,,,
HVAC,bill.east@us.army.mil,2013-12-30T08:57:57,21-51 51 16: Air Distribution,HVAC Ducts_852983,"Autodesk Revit 2014, Build: 20131024_2115(x64)",Autodesk.Revit.DB.Mechanical.MechanicalSystem,8c770c23-0820-4a66-8dd9-174c48c89e53-000e1448,HVAC System Overall,,,,,,,,,,
HVAC,bill.east@us.army.mil,2013-12-30T08:57:57,21-51 51 16: Air Distribution,6_852995,"Autodesk Revit 2014, Build: 20131024_2115(x64)",Autodesk.Revit.DB.Mechanical.MechanicalSystem,8c770c23-0820-4a66-8dd9-174c48c89e53-000e1448,HVAC System Overall,,,,,,,,,,
HVAC,bill.east@us.army.mil,2013-12-30T08:57:57,21-51 51 16: Air Distribution,HVAC Ducts_852999,"Autodesk Revit 2014, Build: 20131024_2115(x64)",Autodesk.Revit.DB.Mechanical.MechanicalSystem,8c770c23-0820-4a66-8dd9-174c48c89e53-000e1448,HVAC System Overall,,,,,,,,,,
HVAC,bill.east@us.army.mil,2013-12-30T08:57:57,21-51 51 16: Air Distribution,7_853008,"Autodesk Revit 2014, Build: 20131024_2115(x64)",Autodesk.Revit.DB.Mechanical.MechanicalSystem,8c770c23-0820-4a66-8dd9-174c48c89e53-000e1448,HVAC System Overall,,,,,,,,,,
HVAC,bill.east@us.army.mil,2013-12-30T08:57:57,21-51 51 16: Air Distribution,8_853031,"Autodesk Revit 2014, Build: 20131024_2115(x64)",Autodesk.Revit.DB.Mechanical.MechanicalSystem,8c770c23-0820-4a66-8dd9-174c48c89e53-000e1448,HVAC System Overall,,,,,,,,,,
HVAC,bill.east@us.army.mil,2013-12-30T08:57:57,21-51 51 16: Air Distribution,9_853032,"Autodesk Revit 2014, Build: 20131024_2115(x64)",Autodesk.Revit.DB.Mechanical.MechanicalSystem,8c770c23-0820-4a66-8dd9-174c48c89e53-000e1448,HVAC System Overall,,,,,,,,,,
HVAC,bill.east@us.army.mil,2013-12-30T08:57:57,21-51 51 16: Air Distribution,10_853033,"Autodesk Revit 2014, Build: 20131024_2115(x64)",Autodesk.Revit.DB.Mechanical.MechanicalSystem,8c770c23-0820-4a66-8dd9-174c48c89e53-000e1448,HVAC System Overall,,,,,,,,,,
HVAC,bill.east@us.army.mil,2013-12-30T08:57:57,21-51 51 16: Air Distribution,11_853034,"Autodesk Revit 2014, Build: 20131024_2115(x64)",Autodesk.Revit.DB.Mechanical.MechanicalSystem,8c770c23-0820-4a66-8dd9-174c48c89e53-000e1448,HVAC System Overall,,,,,,,,,,
HVAC,bill.east@us.army.mil,2013-12-30T08:57:57,21-51 51 16: Air Distribution,12_853035,"Autodesk Revit 2014, Build: 20131024_2115(x64)",Autodesk.Revit.DB.Mechanical.MechanicalSystem,8c770c23-0820-4a66-8dd9-174c48c89e53-000e1448,HVAC System Overall,,,,,,,,,,
HVAC,bill.east@us.army.mil,2013-12-30T08:57:57,21-51 51 16: Air Distribution,13_853036,"Autodesk Revit 2014, Build: 20131024_2115(x64)",Autodesk.Revit.DB.Mechanical.MechanicalSystem,8c770c23-0820-4a66-8dd9-174c48c89e53-000e1448,HVAC System Overall,,,,,,,,,,
HVAC,bill.east@us.army.mil,2013-12-30T08:57:57,21-51 51 16: Air Distribution,14_853037,"Autodesk Revit 2014, Build: 20131024_2115(x64)",Autodesk.Revit.DB.Mechanical.MechanicalSystem,8c770c23-0820-4a66-8dd9-174c48c89e53-000e1448,HVAC System Overall,,,,,,,,,,
HVAC,bill.east@us.army.mil,2013-12-30T08:57:57,21-51 51 16: Air Distribution,15_853038,"Autodesk Revit 2014, Build: 20131024_2115(x64)",Autodesk.Revit.DB.Mechanical.MechanicalSystem,8c770c23-0820-4a66-8dd9-174c48c89e53-000e1448,HVAC System Overall,,,,,,,,,,
HVAC,bill.east@us.army.mil,2013-12-30T08:57:57,21-51 51 16: Air Distribution,16_853039,"Autodesk Revit 2014, Build: 20131024_2115(x64)",Autodesk.Revit.DB.Mechanical.MechanicalSystem,8c770c23-0820-4a66-8dd9-174c48c89e53-000e1448,HVAC System Overall,,,,,,,,,,
HVAC,bill.east@us.army.mil,2013-12-30T08:57:57,21-51 51 16: Air Distribution,17_853040,"Autodesk Revit 2014, Build: 20131024_2115(x64)",Autodesk.Revit.DB.Mechanical.MechanicalSystem,8c770c23-0820-4a66-8dd9-174c48c89e53-000e1448,HVAC System Overall,,,,,,,,,,
HVAC,bill.east@us.army.mil,2013-12-30T08:57:57,21-51 51 16: Air Distribution,18_853041,"Autodesk Revit 2014, Build: 20131024_2115(x64)",Autodesk.Revit.DB.Mechanical.MechanicalSystem,8c770c23-0820-4a66-8dd9-174c48c89e53-000e1448,HVAC System Overall,,,,,,,,,,
HVAC,bill.east@us.army.mil,2013-12-30T08:57:57,21-51 51 16: Air Distribution,HVAC Ducts_853052,"Autodesk Revit 2014, Build: 20131024_2115(x64)",Autodesk.Revit.DB.Mechanical.MechanicalSystem,8c770c23-0820-4a66-8dd9-174c48c89e53-000e1448,HVAC System Overall,,,,,,,,,,
HVAC,bill.east@us.army.mil,2013-12-30T08:57:57,21-51 51 16: Air Distribution,HVAC Ducts_853054,"Autodesk Revit 2014, Build: 20131024_2115(x64)",Autodesk.Revit.DB.Mechanical.MechanicalSystem,8c770c23-0820-4a66-8dd9-174c48c89e53-000e1448,HVAC System Overall,,,,,,,,,,
HVAC,bill.east@us.army.mil,2013-12-30T08:57:57,21-51 51 16: Air Distribution,HVAC Ducts_853056,"Autodesk Revit 2014, Build: 20131024_2115(x64)",Autodesk.Revit.DB.Mechanical.MechanicalSystem,8c770c23-0820-4a66-8dd9-174c48c89e53-000e1448,HVAC System Overall,,,,,,,,,,
HVAC,bill.east@us.army.mil,2013-12-30T08:57:57,21-51 51 16: Air Distribution,HVAC Ducts_853058,"Autodesk Revit 2014, Build: 20131024_2115(x64)",Autodesk.Revit.DB.Mechanical.MechanicalSystem,8c770c23-0820-4a66-8dd9-174c48c89e53-000e1448,HVAC System Overall,,,,,,,,,,
HVAC,bill.east@us.army.mil,2013-12-30T08:57:57,21-51 51 16: Air Distribution,HVAC Ducts_853062,"Autodesk Revit 2014, Build: 20131024_2115(x64)",Autodesk.Revit.DB.Mechanical.MechanicalSystem,8c770c23-0820-4a66-8dd9-174c48c89e53-000e1448,HVAC System Overall,,,,,,,,,,
HVAC,bill.east@us.army.mil,2013-12-30T08:57:57,21-51 51 16: Air Distribution,HVAC Ducts_853067,"Autodesk Revit 2014, Build: 20131024_2115(x64)",Autodesk.Revit.DB.Mechanical.MechanicalSystem,8c770c23-0820-4a66-8dd9-174c48c89e53-000e1448,HVAC System Overall,,,,,,,,,,
HVAC,bill.east@us.army.mil,2013-12-30T08:57:57,21-51 51 16: Air Distribution,HVAC Ducts_853070,"Autodesk Revit 2014, Build: 20131024_2115(x64)",Autodesk.Revit.DB.Mechanical.MechanicalSystem,8c770c23-0820-4a66-8dd9-174c48c89e53-000e1448,HVAC System Overall,,,,,,,,,,
HVAC,bill.east@us.army.mil,2013-12-30T08:57:57,21-51 51 16: Air Distribution,HVAC Ducts_853074,"Autodesk Revit 2014, Build: 20131024_2115(x64)",Autodesk.Revit.DB.Mechanical.MechanicalSystem,8c770c23-0820-4a66-8dd9-174c48c89e53-000e1448,HVAC System Overall,,,,,,,,,,
HVAC,bill.east@us.army.mil,2013-12-30T08:57:57,21-51 51 16: Air Distribution,HVAC Ducts_853152,"Autodesk Revit 2014, Build: 20131024_2115(x64)",Autodesk.Revit.DB.Mechanical.MechanicalSystem,8c770c23-0820-4a66-8dd9-174c48c89e53-000e1448,HVAC System Overall,,,,,,,,,,
HVAC,bill.east@us.army.mil,2013-12-30T08:57:57,21-51 51 16: Air Distribution,19_853167,"Autodesk Revit 2014, Build: 20131024_2115(x64)",Autodesk.Revit.DB.Mechanical.MechanicalSystem,8c770c23-0820-4a66-8dd9-174c48c89e53-000e1448,HVAC System Overall,,,,,,,,,,
HVAC,bill.east@us.army.mil,2013-12-30T08:57:57,21-51 51 16: Air Distribution,20_853168,"Autodesk Revit 2014, Build: 20131024_2115(x64)",Autodesk.Revit.DB.Mechanical.MechanicalSystem,8c770c23-0820-4a66-8dd9-174c48c89e53-000e1448,HVAC System Overall,,,,,,,,,,
HVAC,bill.east@us.army.mil,2013-12-30T08:57:57,21-51 51 16: Air Distribution,21_853169,"Autodesk Revit 2014, Build: 20131024_2115(x64)",Autodesk.Revit.DB.Mechanical.MechanicalSystem,8c770c23-0820-4a66-8dd9-174c48c89e53-000e1448,HVAC System Overall,,,,,,,,,,
HVAC,bill.east@us.army.mil,2013-12-30T08:57:57,21-51 51 16: Air Distribution,22_853170,"Autodesk Revit 2014, Build: 20131024_2115(x64)",Autodesk.Revit.DB.Mechanical.MechanicalSystem,8c770c23-0820-4a66-8dd9-174c48c89e53-000e1448,HVAC System Overall,,,,,,,,,,
HVAC,bill.east@us.army.mil,2013-12-30T08:57:57,21-51 51 16: Air Distribution,VAV-AHU2-E,"Autodesk Revit 2014, Build: 20131024_2115(x64)",Autodesk.Revit.DB.Mechanical.MechanicalSystem,8c770c23-0820-4a66-8dd9-174c48c89e53-000e1448,HVAC System Overall,,,,,,,,,,
HVAC,bill.east@us.army.mil,2013-12-30T08:57:57,21-51 51 16: Air Distribution,VAV-AHU2-F,"Autodesk Revit 2014, Build: 20131024_2115(x64)",Autodesk.Revit.DB.Mechanical.MechanicalSystem,8c770c23-0820-4a66-8dd9-174c48c89e53-000e1448,HVAC System Overall,,,,,,,,,,
HVAC,bill.east@us.army.mil,2013-12-30T08:57:57,21-51 51 16: Air Distribution,24_853173,"Autodesk Revit 2014, Build: 20131024_2115(x64)",Autodesk.Revit.DB.Mechanical.MechanicalSystem,8c770c23-0820-4a66-8dd9-174c48c89e53-000e1448,HVAC System Overall,,,,,,,,,,
HVAC,bill.east@us.army.mil,2013-12-30T08:57:57,21-51 51 16: Air Distribution,G_853174,"Autodesk Revit 2014, Build: 20131024_2115(x64)",Autodesk.Revit.DB.Mechanical.MechanicalSystem,8c770c23-0820-4a66-8dd9-174c48c89e53-000e1448,HVAC System Overall,,,,,,,,,,
HVAC,bill.east@us.army.mil,2013-12-30T08:57:57,21-51 51 16: Air Distribution,25_853175,"Autodesk Revit 2014, Build: 20131024_2115(x64)",Autodesk.Revit.DB.Mechanical.MechanicalSystem,8c770c23-0820-4a66-8dd9-174c48c89e53-000e1448,HVAC System Overall,,,,,,,,,,
HVAC,bill.east@us.army.mil,2013-12-30T08:57:57,21-51 51 16: Air Distribution,26_853176,"Autodesk Revit 2014, Build: 20131024_2115(x64)",Autodesk.Revit.DB.Mechanical.MechanicalSystem,8c770c23-0820-4a66-8dd9-174c48c89e53-000e1448,HVAC System Overall,,,,,,,,,,
HVAC,bill.east@us.army.mil,2013-12-30T08:57:57,21-51 51 16: Air Distribution,27_853177,"Autodesk Revit 2014, Build: 20131024_2115(x64)",Autodesk.Revit.DB.Mechanical.MechanicalSystem,8c770c23-0820-4a66-8dd9-174c48c89e53-000e1448,HVAC System Overall,,,,,,,,,,
HVAC,bill.east@us.army.mil,2013-12-30T08:57:57,21-51 51 16: Air Distribution,28_853178,"Autodesk Revit 2014, Build: 20131024_2115(x64)",Autodesk.Revit.DB.Mechanical.MechanicalSystem,8c770c23-0820-4a66-8dd9-174c48c89e53-000e1448,HVAC System Overall,,,,,,,,,,
HVAC,bill.east@us.army.mil,2013-12-30T08:57:57,21-51 51 16: Air Distribution,HVAC Ducts_853180,"Autodesk Revit 2014, Build: 20131024_2115(x64)",Autodesk.Revit.DB.Mechanical.MechanicalSystem,8c770c23-0820-4a66-8dd9-174c48c89e53-000e1448,HVAC System Overall,,,,,,,,,,
HVAC,bill.east@us.army.mil,2013-12-30T08:57:57,21-51 51 16: Air Distribution,HVAC Ducts_853185,"Autodesk Revit 2014, Build: 20131024_2115(x64)",Autodesk.Revit.DB.Mechanical.MechanicalSystem,8c770c23-0820-4a66-8dd9-174c48c89e53-000e1448,HVAC System Overall,,,,,,,,,,
HVAC,bill.east@us.army.mil,2013-12-30T08:57:57,21-51 51 16: Air Distribution,HVAC Ducts_853188,"Autodesk Revit 2014, Build: 20131024_2115(x64)",Autodesk.Revit.DB.Mechanical.MechanicalSystem,8c770c23-0820-4a66-8dd9-174c48c89e53-000e1448,HVAC System Overall,,,,,,,,,,
HVAC,bill.east@us.army.mil,2013-12-30T08:57:57,21-51 51 16: Air Distribution,HVAC Ducts_853191,"Autodesk Revit 2014, Build: 20131024_2115(x64)",Autodesk.Revit.DB.Mechanical.MechanicalSystem,8c770c23-0820-4a66-8dd9-174c48c89e53-000e1448,HVAC System Overall,,,,,,,,,,
HVAC,bill.east@us.army.mil,2013-12-30T08:57:57,21-51 51 16: Air Distribution,HVAC Ducts_853196,"Autodesk Revit 2014, Build: 20131024_2115(x64)",Autodesk.Revit.DB.Mechanical.MechanicalSystem,8c770c23-0820-4a66-8dd9-174c48c89e53-000e1448,HVAC System Overall,,,,,,,,,,
HVAC,bill.east@us.army.mil,2013-12-30T08:57:57,21-51 51 16: Air Distribution,HVAC Ducts_853199,"Autodesk Revit 2014, Build: 20131024_2115(x64)",Autodesk.Revit.DB.Mechanical.MechanicalSystem,8c770c23-0820-4a66-8dd9-174c48c89e53-000e1448,HVAC System Overall,,,,,,,,,,
HVAC,bill.east@us.army.mil,2013-12-30T08:57:57,21-51 51 16: Air Distribution,HVAC Ducts_853202,"Autodesk Revit 2014, Build: 20131024_2115(x64)",Autodesk.Revit.DB.Mechanical.MechanicalSystem,8c770c23-0820-4a66-8dd9-174c48c89e53-000e1448,HVAC System Overall,,,,,,,,,,
HVAC,bill.east@us.army.mil,2013-12-30T08:57:57,21-51 51 16: Air Distribution,HVAC Ducts_853205,"Autodesk Revit 2014, Build: 20131024_2115(x64)",Autodesk.Revit.DB.Mechanical.MechanicalSystem,8c770c23-0820-4a66-8dd9-174c48c89e53-000e1448,HVAC System Overall,,,,,,,,,,
HVAC,bill.east@us.army.mil,2013-12-30T08:57:57,21-51 51 16: Air Distribution,HVAC Ducts_853208,"Autodesk Revit 2014, Build: 20131024_2115(x64)",Autodesk.Revit.DB.Mechanical.MechanicalSystem,8c770c23-0820-4a66-8dd9-174c48c89e53-000e1448,HVAC System Overall,,,,,,,,,,
HVAC,bill.east@us.army.mil,2013-12-30T08:57:57,21-51 51 16: Air Distribution,HVAC Ducts_853211,"Autodesk Revit 2014, Build: 20131024_2115(x64)",Autodesk.Revit.DB.Mechanical.MechanicalSystem,8c770c23-0820-4a66-8dd9-174c48c89e53-000e1448,HVAC System Overall,,,,,,,,,,
HVAC,bill.east@us.army.mil,2013-12-30T08:57:57,21-51 51 16: Air Distribution,HVAC Ducts_853217,"Autodesk Revit 2014, Build: 20131024_2115(x64)",Autodesk.Revit.DB.Mechanical.MechanicalSystem,8c770c23-0820-4a66-8dd9-174c48c89e53-000e1448,HVAC System Overall,,,,,,,,,,
HVAC,bill.east@us.army.mil,2013-12-30T08:57:57,21-51 51 16: Air Distribution,HVAC Ducts_853219,"Autodesk Revit 2014, Build: 20131024_2115(x64)",Autodesk.Revit.DB.Mechanical.MechanicalSystem,8c770c23-0820-4a66-8dd9-174c48c89e53-000e1448,HVAC System Overall,,,,,,,,,,
HVAC,bill.east@us.army.mil,2013-12-30T08:57:57,21-51 51 16: Air Distribution,29_853241,"Autodesk Revit 2014, Build: 20131024_2115(x64)",Autodesk.Revit.DB.Mechanical.MechanicalSystem,8c770c23-0820-4a66-8dd9-174c48c89e53-000e1448,HVAC System Overall,,,,,,,,,,
HVAC,bill.east@us.army.mil,2013-12-30T08:57:57,21-51 51 16: Air Distribution,30_853295,"Autodesk Revit 2014, Build: 20131024_2115(x64)",Autodesk.Revit.DB.Mechanical.MechanicalSystem,8c770c23-0820-4a66-8dd9-174c48c89e53-000e1448,HVAC System Overall,,,,,,,,,,
HVAC,bill.east@us.army.mil,2013-12-30T08:57:57,21-51 51 16: Air Distribution,HVAC Ducts_853297,"Autodesk Revit 2014, Build: 20131024_2115(x64)",Autodesk.Revit.DB.Mechanical.MechanicalSystem,8c770c23-0820-4a66-8dd9-174c48c89e53-000e1448,HVAC System Overall,,,,,,,,,,
HVAC,bill.east@us.army.mil,2013-12-30T08:57:57,21-51 51 16: Air Distribution,HVAC Ducts_853334,"Autodesk Revit 2014, Build: 20131024_2115(x64)",Autodesk.Revit.DB.Mechanical.MechanicalSystem,8c770c23-0820-4a66-8dd9-174c48c89e53-000e1448,HVAC System Overall,,,,,,,,,,
HVAC,bill.east@us.army.mil,2013-12-30T08:57:57,21-51 51 16: Air Distribution,31_853367,"Autodesk Revit 2014, Build: 20131024_2115(x64)",Autodesk.Revit.DB.Mechanical.MechanicalSystem,8c770c23-0820-4a66-8dd9-174c48c89e53-000e1448,HVAC System Overall,,,,,,,,,,
HVAC,bill.east@us.army.mil,2013-12-30T08:57:57,21-51 51 16: Air Distribution,32_853368,"Autodesk Revit 2014, Build: 20131024_2115(x64)",Autodesk.Revit.DB.Mechanical.MechanicalSystem,8c770c23-0820-4a66-8dd9-174c48c89e53-000e1448,HVAC System Overall,,,,,,,,,,
HVAC,bill.east@us.army.mil,2013-12-30T08:57:57,21-51 51 16: Air Distribution,33_853369,"Autodesk Revit 2014, Build: 20131024_2115(x64)",Autodesk.Revit.DB.Mechanical.MechanicalSystem,8c770c23-0820-4a66-8dd9-174c48c89e53-000e1448,HVAC System Overall,,,,,,,,,,
HVAC,bill.east@us.army.mil,2013-12-30T08:57:57,21-51 51 16: Air Distribution,HVAC Ducts_853373,"Autodesk Revit 2014, Build: 20131024_2115(x64)",Autodesk.Revit.DB.Mechanical.MechanicalSystem,8c770c23-0820-4a66-8dd9-174c48c89e53-000e1448,HVAC System Overall,,,,,,,,,,
HVAC,bill.east@us.army.mil,2013-12-30T08:57:57,21-51 51 16: Air Distribution,HVAC Ducts_853381,"Autodesk Revit 2014, Build: 20131024_2115(x64)",Autodesk.Revit.DB.Mechanical.MechanicalSystem,8c770c23-0820-4a66-8dd9-174c48c89e53-000e1448,HVAC System Overall,,,,,,,,,,
HVAC,bill.east@us.army.mil,2013-12-30T08:57:57,21-51 51 16: Air Distribution,Supply Diffuser 600 Face- 853395,"Autodesk Revit 2014, Build: 20131024_2115(x64)",Autodesk.Revit.DB.Mechanical.MechanicalSystem,8c770c23-0820-4a66-8dd9-174c48c89e53-000e1448,HVAC System Overall,,,,,,,,,,
HVAC,bill.east@us.army.mil,2013-12-30T08:57:57,21-51 51 16: Air Distribution,JJ_853400,"Autodesk Revit 2014, Build: 20131024_2115(x64)",Autodesk.Revit.DB.Mechanical.MechanicalSystem,8c770c23-0820-4a66-8dd9-174c48c89e53-000e1448,HVAC System Overall,,,,,,,,,,
HVAC,bill.east@us.army.mil,2013-12-30T08:57:57,21-51 51 16: Air Distribution,HVAC Ducts_853401,"Autodesk Revit 2014, Build: 20131024_2115(x64)",Autodesk.Revit.DB.Mechanical.MechanicalSystem,8c770c23-0820-4a66-8dd9-174c48c89e53-000e1448,HVAC System Overall,,,,,,,,,,
HVAC,bill.east@us.army.mil,2013-12-30T08:57:57,21-51 51 16: Air Distribution,Supply Diffuser 600 Face- 853407,"Autodesk Revit 2014, Build: 20131024_2115(x64)",Autodesk.Revit.DB.Mechanical.MechanicalSystem,8c770c23-0820-4a66-8dd9-174c48c89e53-000e1448,HVAC System Overall,,,,,,,,,,
HVAC,bill.east@us.army.mil,2013-12-30T08:57:57,21-51 51 16: Air Distribution,34_853416,"Autodesk Revit 2014, Build: 20131024_2115(x64)",Autodesk.Revit.DB.Mechanical.MechanicalSystem,8c770c23-0820-4a66-8dd9-174c48c89e53-000e1448,HVAC System Overall,,,,,,,,,,
HVAC,bill.east@us.army.mil,2013-12-30T08:57:57,21-51 51 16: Air Distribution,HVAC Ducts_853418,"Autodesk Revit 2014, Build: 20131024_2115(x64)",Autodesk.Revit.DB.Mechanical.MechanicalSystem,8c770c23-0820-4a66-8dd9-174c48c89e53-000e1448,HVAC System Overall,,,,,,,,,,
HVAC,bill.east@us.army.mil,2013-12-30T08:57:57,21-51 51 16: Air Distribution,35_853424,"Autodesk Revit 2014, Build: 20131024_2115(x64)",Autodesk.Revit.DB.Mechanical.MechanicalSystem,8c770c23-0820-4a66-8dd9-174c48c89e53-000e1448,HVAC System Overall,,,,,,,,,,
HVAC,bill.east@us.army.mil,2013-12-30T08:57:57,21-51 51 16: Air Distribution,LLL_853430,"Autodesk Revit 2014, Build: 20131024_2115(x64)",Autodesk.Revit.DB.Mechanical.MechanicalSystem,8c770c23-0820-4a66-8dd9-174c48c89e53-000e1448,HVAC System Overall,,,,,,,,,,
HVAC,bill.east@us.army.mil,2013-12-30T08:57:57,21-51 51 16: Air Distribution,HVAC Ducts_853432,"Autodesk Revit 2014, Build: 20131024_2115(x64)",Autodesk.Revit.DB.Mechanical.MechanicalSystem,8c770c23-0820-4a66-8dd9-174c48c89e53-000e1448,HVAC System Overall,,,,,,,,,,
HVAC,bill.east@us.army.mil,2013-12-30T08:57:57,21-51 51 16: Air Distribution,36_853442,"Autodesk Revit 2014, Build: 20131024_2115(x64)",Autodesk.Revit.DB.Mechanical.MechanicalSystem,8c770c23-0820-4a66-8dd9-174c48c89e53-000e1448,HVAC System Overall,,,,,,,,,,
HVAC,bill.east@us.army.mil,2013-12-30T08:57:57,21-51 51 16: Air Distribution,37_853443,"Autodesk Revit 2014, Build: 20131024_2115(x64)",Autodesk.Revit.DB.Mechanical.MechanicalSystem,8c770c23-0820-4a66-8dd9-174c48c89e53-000e1448,HVAC System Overall,,,,,,,,,,
HVAC,bill.east@us.army.mil,2013-12-30T08:57:57,21-51 51 16: Air Distribution,HVAC Ducts_853447,"Autodesk Revit 2014, Build: 20131024_2115(x64)",Autodesk.Revit.DB.Mechanical.MechanicalSystem,8c770c23-0820-4a66-8dd9-174c48c89e53-000e1448,HVAC System Overall,,,,,,,,,,
HVAC,bill.east@us.army.mil,2013-12-30T08:57:57,21-51 51 16: Air Distribution,HVAC Ducts_853450,"Autodesk Revit 2014, Build: 20131024_2115(x64)",Autodesk.Revit.DB.Mechanical.MechanicalSystem,8c770c23-0820-4a66-8dd9-174c48c89e53-000e1448,HVAC System Overall,,,,,,,,,,
HVAC,bill.east@us.army.mil,2013-12-30T08:57:57,21-51 51 16: Air Distribution,38_853460,"Autodesk Revit 2014, Build: 20131024_2115(x64)",Autodesk.Revit.DB.Mechanical.MechanicalSystem,8c770c23-0820-4a66-8dd9-174c48c89e53-000e1448,HVAC System Overall,,,,,,,,,,
HVAC,bill.east@us.army.mil,2013-12-30T08:57:57,21-51 51 16: Air Distribution,HVAC Ducts_853468,"Autodesk Revit 2014, Build: 20131024_2115(x64)",Autodesk.Revit.DB.Mechanical.MechanicalSystem,8c770c23-0820-4a66-8dd9-174c48c89e53-000e1448,HVAC System Overall,,,,,,,,,,
HVAC,bill.east@us.army.mil,2013-12-30T08:57:57,21-51 51 16: Air Distribution,Supply Diffuser 600 Face- 853479,"Autodesk Revit 2014, Build: 20131024_2115(x64)",Autodesk.Revit.DB.Mechanical.MechanicalSystem,8c770c23-0820-4a66-8dd9-174c48c89e53-000e1448,HVAC System Overall,,,,,,,,,,
HVAC,bill.east@us.army.mil,2013-12-30T08:57:57,21-51 51 16: Air Distribution,39_853485,"Autodesk Revit 2014, Build: 20131024_2115(x64)",Autodesk.Revit.DB.Mechanical.MechanicalSystem,8c770c23-0820-4a66-8dd9-174c48c89e53-000e1448,HVAC System Overall,,,,,,,,,,
HVAC,bill.east@us.army.mil,2013-12-30T08:57:57,21-51 51 16: Air Distribution,HVAC Ducts_853487,"Autodesk Revit 2014, Build: 20131024_2115(x64)",Autodesk.Revit.DB.Mechanical.MechanicalSystem,8c770c23-0820-4a66-8dd9-174c48c89e53-000e1448,HVAC System Overall,,,,,,,,,,
HVAC,bill.east@us.army.mil,2013-12-30T08:57:57,21-51 51 16: Air Distribution,40_853508,"Autodesk Revit 2014, Build: 20131024_2115(x64)",Autodesk.Revit.DB.Mechanical.MechanicalSystem,8c770c23-0820-4a66-8dd9-174c48c89e53-000e1448,HVAC System Overall,,,,,,,,,,
HVAC,bill.east@us.army.mil,2013-12-30T08:57:57,21-51 51 16: Air Distribution,HVAC Ducts_853510,"Autodesk Revit 2014, Build: 20131024_2115(x64)",Autodesk.Revit.DB.Mechanical.MechanicalSystem,8c770c23-0820-4a66-8dd9-174c48c89e53-000e1448,HVAC System Overall,,,,,,,,,,
HVAC,bill.east@us.army.mil,2013-12-30T08:57:57,21-51 51 16: Air Distribution,41_853512,"Autodesk Revit 2014, Build: 20131024_2115(x64)",Autodesk.Revit.DB.Mechanical.MechanicalSystem,8c770c23-0820-4a66-8dd9-174c48c89e53-000e1448,HVAC System Overall,,,,,,,,,,
HVAC,bill.east@us.army.mil,2013-12-30T08:57:57,21-51 51 16: Air Distribution,HVAC Ducts_853514,"Autodesk Revit 2014, Build: 20131024_2115(x64)",Autodesk.Revit.DB.Mechanical.MechanicalSystem,8c770c23-0820-4a66-8dd9-174c48c89e53-000e1448,HVAC System Overall,,,,,,,,,,
HVAC,bill.east@us.army.mil,2013-12-30T08:57:57,21-51 51 16: Air Distribution,ZZ_853520,"Autodesk Revit 2014, Build: 20131024_2115(x64)",Autodesk.Revit.DB.Mechanical.MechanicalSystem,8c770c23-0820-4a66-8dd9-174c48c89e53-000e1448,HVAC System Overall,,,,,,,,,,
HVAC,bill.east@us.army.mil,2013-12-30T08:57:57,21-51 51 16: Air Distribution,HVAC Ducts_853522,"Autodesk Revit 2014, Build: 20131024_2115(x64)",Autodesk.Revit.DB.Mechanical.MechanicalSystem,8c770c23-0820-4a66-8dd9-174c48c89e53-000e1448,HVAC System Overall,,,,,,,,,,
HVAC,bill.east@us.army.mil,2013-12-30T08:57:57,21-51 51 16: Air Distribution,42_853534,"Autodesk Revit 2014, Build: 20131024_2115(x64)",Autodesk.Revit.DB.Mechanical.MechanicalSystem,8c770c23-0820-4a66-8dd9-174c48c89e53-000e1448,HVAC System Overall,,,,,,,,,,
HVAC,bill.east@us.army.mil,2013-12-30T08:57:57,21-51 51 16: Air Distribution,HVAC Ducts_853536,"Autodesk Revit 2014, Build: 20131024_2115(x64)",Autodesk.Revit.DB.Mechanical.MechanicalSystem,8c770c23-0820-4a66-8dd9-174c48c89e53-000e1448,HVAC System Overall,,,,,,,,,,
HVAC,bill.east@us.army.mil,2013-12-30T08:57:57,21-51 51 16: Air Distribution,43_853540,"Autodesk Revit 2014, Build: 20131024_2115(x64)",Autodesk.Revit.DB.Mechanical.MechanicalSystem,8c770c23-0820-4a66-8dd9-174c48c89e53-000e1448,HVAC System Overall,,,,,,,,,,
HVAC,bill.east@us.army.mil,2013-12-30T08:57:57,21-51 51 16: Air Distribution,44_853544,"Autodesk Revit 2014, Build: 20131024_2115(x64)",Autodesk.Revit.DB.Mechanical.MechanicalSystem,8c770c23-0820-4a66-8dd9-174c48c89e53-000e1448,HVAC System Overall,,,,,,,,,,
HVAC,bill.east@us.army.mil,2013-12-30T08:57:57,21-51 51 16: Air Distribution,HVAC Ducts_853546,"Autodesk Revit 2014, Build: 20131024_2115(x64)",Autodesk.Revit.DB.Mechanical.MechanicalSystem,8c770c23-0820-4a66-8dd9-174c48c89e53-000e1448,HVAC System Overall,,,,,,,,,,
HVAC,bill.east@us.army.mil,2013-12-30T08:57:57,21-51 51 16: Air Distribution,45_853558,"Autodesk Revit 2014, Build: 20131024_2115(x64)",Autodesk.Revit.DB.Mechanical.MechanicalSystem,8c770c23-0820-4a66-8dd9-174c48c89e53-000e1448,HVAC System Overall,,,,,,,,,,
HVAC,bill.east@us.army.mil,2013-12-30T08:57:57,21-51 51 16: Air Distribution,46_853559,"Autodesk Revit 2014, Build: 20131024_2115(x64)",Autodesk.Revit.DB.Mechanical.MechanicalSystem,8c770c23-0820-4a66-8dd9-174c48c89e53-000e1448,HVAC System Overall,,,,,,,,,,
HVAC,bill.east@us.army.mil,2013-12-30T08:57:57,21-51 51 16: Air Distribution,47_853560,"Autodesk Revit 2014, Build: 20131024_2115(x64)",Autodesk.Revit.DB.Mechanical.MechanicalSystem,8c770c23-0820-4a66-8dd9-174c48c89e53-000e1448,HVAC System Overall,,,,,,,,,,
HVAC,bill.east@us.army.mil,2013-12-30T08:57:57,21-51 51 16: Air Distribution,HVAC Ducts_853564,"Autodesk Revit 2014, Build: 20131024_2115(x64)",Autodesk.Revit.DB.Mechanical.MechanicalSystem,8c770c23-0820-4a66-8dd9-174c48c89e53-000e1448,HVAC System Overall,,,,,,,,,,
HVAC,bill.east@us.army.mil,2013-12-30T08:57:57,21-51 51 16: Air Distribution,HVAC Ducts_853566,"Autodesk Revit 2014, Build: 20131024_2115(x64)",Autodesk.Revit.DB.Mechanical.MechanicalSystem,8c770c23-0820-4a66-8dd9-174c48c89e53-000e1448,HVAC System Overall,,,,,,,,,,
HVAC,bill.east@us.army.mil,2013-12-30T08:57:57,21-51 51 16: Air Distribution,HVAC Ducts_853568,"Autodesk Revit 2014, Build: 20131024_2115(x64)",Autodesk.Revit.DB.Mechanical.MechanicalSystem,8c770c23-0820-4a66-8dd9-174c48c89e53-000e1448,HVAC System Overall,,,,,,,,,,
HVAC,bill.east@us.army.mil,2013-12-30T08:57:57,21-51 51 16: Air Distribution,48_853572,"Autodesk Revit 2014, Build: 20131024_2115(x64)",Autodesk.Revit.DB.Mechanical.MechanicalSystem,8c770c23-0820-4a66-8dd9-174c48c89e53-000e1448,HVAC System Overall,,,,,,,,,,
HVAC,bill.east@us.army.mil,2013-12-30T08:57:57,21-51 51 16: Air Distribution,HVAC Ducts_853574,"Autodesk Revit 2014, Build: 20131024_2115(x64)",Autodesk.Revit.DB.Mechanical.MechanicalSystem,8c770c23-0820-4a66-8dd9-174c48c89e53-000e1448,HVAC System Overall,,,,,,,,,,
HVAC,bill.east@us.army.mil,2013-12-30T08:57:57,21-51 51 16: Air Distribution,Supply Diffuser 600 Face- 853584,"Autodesk Revit 2014, Build: 20131024_2115(x64)",Autodesk.Revit.DB.Mechanical.MechanicalSystem,8c770c23-0820-4a66-8dd9-174c48c89e53-000e1448,HVAC System Overall,,,,,,,,,,
HVAC,bill.east@us.army.mil,2013-12-30T08:57:57,21-51 51 16: Air Distribution,49_853585,"Autodesk Revit 2014, Build: 20131024_2115(x64)",Autodesk.Revit.DB.Mechanical.MechanicalSystem,8c770c23-0820-4a66-8dd9-174c48c89e53-000e1448,HVAC System Overall,,,,,,,,,,
HVAC,bill.east@us.army.mil,2013-12-30T08:57:57,21-51 51 16: Air Distribution,50_853586,"Autodesk Revit 2014, Build: 20131024_2115(x64)",Autodesk.Revit.DB.Mechanical.MechanicalSystem,8c770c23-0820-4a66-8dd9-174c48c89e53-000e1448,HVAC System Overall,,,,,,,,,,
HVAC,bill.east@us.army.mil,2013-12-30T08:57:57,21-51 51 16: Air Distribution,HVAC Ducts_853589,"Autodesk Revit 2014, Build: 20131024_2115(x64)",Autodesk.Revit.DB.Mechanical.MechanicalSystem,8c770c23-0820-4a66-8dd9-174c48c89e53-000e1448,HVAC System Overall,,,,,,,,,,
HVAC,bill.east@us.army.mil,2013-12-30T08:57:57,21-51 51 16: Air Distribution,HVAC Ducts_853595,"Autodesk Revit 2014, Build: 20131024_2115(x64)",Autodesk.Revit.DB.Mechanical.MechanicalSystem,8c770c23-0820-4a66-8dd9-174c48c89e53-000e1448,HVAC System Overall,,,,,,,,,,
HVAC,bill.east@us.army.mil,2013-12-30T08:57:57,21-51 51 16: Air Distribution,51_853603,"Autodesk Revit 2014, Build: 20131024_2115(x64)",Autodesk.Revit.DB.Mechanical.MechanicalSystem,8c770c23-0820-4a66-8dd9-174c48c89e53-000e1448,HVAC System Overall,,,,,,,,,,
HVAC,bill.east@us.army.mil,2013-12-30T08:57:57,21-51 51 16: Air Distribution,52_853604,"Autodesk Revit 2014, Build: 20131024_2115(x64)",Autodesk.Revit.DB.Mechanical.MechanicalSystem,8c770c23-0820-4a66-8dd9-174c48c89e53-000e1448,HVAC System Overall,,,,,,,,,,
HVAC,bill.east@us.army.mil,2013-12-30T08:57:57,21-51 51 16: Air Distribution,53_853605,"Autodesk Revit 2014, Build: 20131024_2115(x64)",Autodesk.Revit.DB.Mechanical.MechanicalSystem,8c770c23-0820-4a66-8dd9-174c48c89e53-000e1448,HVAC System Overall,,,,,,,,,,
HVAC,bill.east@us.army.mil,2013-12-30T08:57:57,21-51 51 16: Air Distribution,54_853606,"Autodesk Revit 2014, Build: 20131024_2115(x64)",Autodesk.Revit.DB.Mechanical.MechanicalSystem,8c770c23-0820-4a66-8dd9-174c48c89e53-000e1448,HVAC System Overall,,,,,,,,,,
HVAC,bill.east@us.army.mil,2013-12-30T08:57:57,21-51 51 16: Air Distribution,HVAC Ducts_853612,"Autodesk Revit 2014, Build: 20131024_2115(x64)",Autodesk.Revit.DB.Mechanical.MechanicalSystem,8c770c23-0820-4a66-8dd9-174c48c89e53-000e1448,HVAC System Overall,,,,,,,,,,
HVAC,bill.east@us.army.mil,2013-12-30T08:57:57,21-51 51 16: Air Distribution,HVAC Ducts_853614,"Autodesk Revit 2014, Build: 20131024_2115(x64)",Autodesk.Revit.DB.Mechanical.MechanicalSystem,8c770c23-0820-4a66-8dd9-174c48c89e53-000e1448,HVAC System Overall,,,,,,,,,,
HVAC,bill.east@us.army.mil,2013-12-30T08:57:57,21-51 51 16: Air Distribution,HVAC Ducts_853616,"Autodesk Revit 2014, Build: 20131024_2115(x64)",Autodesk.Revit.DB.Mechanical.MechanicalSystem,8c770c23-0820-4a66-8dd9-174c48c89e53-000e1448,HVAC System Overall,,,,,,,,,,
HVAC,bill.east@us.army.mil,2013-12-30T08:57:57,21-51 51 16: Air Distribution,HVAC Ducts_853618,"Autodesk Revit 2014, Build: 20131024_2115(x64)",Autodesk.Revit.DB.Mechanical.MechanicalSystem,8c770c23-0820-4a66-8dd9-174c48c89e53-000e1448,HVAC System Overall,,,,,,,,,,
HVAC,bill.east@us.army.mil,2013-12-30T08:57:57,21-51 51 16: Air Distribution,SS_853658,"Autodesk Revit 2014, Build: 20131024_2115(x64)",Autodesk.Revit.DB.Mechanical.MechanicalSystem,8c770c23-0820-4a66-8dd9-174c48c89e53-000e1448,HVAC System Overall,,,,,,,,,,
HVAC,bill.east@us.army.mil,2013-12-30T08:57:57,21-51 51 16: Air Distribution,HVAC Ducts_853659,"Autodesk Revit 2014, Build: 20131024_2115(x64)",Autodesk.Revit.DB.Mechanical.MechanicalSystem,8c770c23-0820-4a66-8dd9-174c48c89e53-000e1448,HVAC System Overall,,,,,,,,,,
HVAC,bill.east@us.army.mil,2013-12-30T08:57:57,21-51 51 16: Air Distribution,AHU-2,"Autodesk Revit 2014, Build: 20131024_2115(x64)",Autodesk.Revit.DB.Mechanical.MechanicalSystem,8c770c23-0820-4a66-8dd9-174c48c89e53-000e1448,HVAC System Overall,,,,,,,,,,
HVAC,bill.east@us.army.mil,2013-12-30T08:57:57,21-51 51 16: Air Distribution,HVAC Ducts_854161,"Autodesk Revit 2014, Build: 20131024_2115(x64)",Autodesk.Revit.DB.Mechanical.MechanicalSystem,8c770c23-0820-4a66-8dd9-174c48c89e53-000e1448,HVAC System Overall,,,,,,,,,,
HVAC,bill.east@us.army.mil,2013-12-30T08:57:57,21-51 51 16: Air Distribution,AHU-1,"Autodesk Revit 2014, Build: 20131024_2115(x64)",Autodesk.Revit.DB.Mechanical.MechanicalSystem,8c770c23-0820-4a66-8dd9-174c48c89e53-000e1448,HVAC System Overall,,,,,,,,,,
HVAC,bill.east@us.army.mil,2013-12-30T08:57:57,21-51 51 16: Air Distribution,HVAC Ducts_854171,"Autodesk Revit 2014, Build: 20131024_2115(x64)",Autodesk.Revit.DB.Mechanical.MechanicalSystem,8c770c23-0820-4a66-8dd9-174c48c89e53-000e1448,HVAC System Overall,,,,,,,,,,
HVAC,bill.east@us.army.mil,2013-12-30T08:57:57,21-51 51 16: Air Distribution,Supply Diffuser Sidewall 800 mm- 07,"Autodesk Revit 2014, Build: 20131024_2115(x64)",Autodesk.Revit.DB.Mechanical.MechanicalSystem,8c770c23-0820-4a66-8dd9-174c48c89e53-000e1448,HVAC System Overall,,,,,,,,,,
HVAC,bill.east@us.army.mil,2013-12-30T08:57:57,21-51 51 16: Air Distribution,Supply Diffuser Sidewall 800 mm- 08,"Autodesk Revit 2014, Build: 20131024_2115(x64)",Autodesk.Revit.DB.Mechanical.MechanicalSystem,8c770c23-0820-4a66-8dd9-174c48c89e53-000e1448,HVAC System Overall,,,,,,,,,,
HVAC,bill.east@us.army.mil,2013-12-30T08:57:57,21-51 51 16: Air Distribution,Supply Diffuser Sidewall 800 mm- 09,"Autodesk Revit 2014, Build: 20131024_2115(x64)",Autodesk.Revit.DB.Mechanical.MechanicalSystem,8c770c23-0820-4a66-8dd9-174c48c89e53-000e1448,HVAC System Overall,,,,,,,,,,
HVAC,bill.east@us.army.mil,2013-12-30T08:57:57,21-51 51 16: Air Distribution,Supply Diffuser Sidewall 800 mm- 10,"Autodesk Revit 2014, Build: 20131024_2115(x64)",Autodesk.Revit.DB.Mechanical.MechanicalSystem,8c770c23-0820-4a66-8dd9-174c48c89e53-000e1448,HVAC System Overall,,,,,,,,,,
HVAC,bill.east@us.army.mil,2013-12-30T08:57:57,21-51 51 16: Air Distribution,Supply Diffuser Sidewall 800 mm- 01,"Autodesk Revit 2014, Build: 20131024_2115(x64)",Autodesk.Revit.DB.Mechanical.MechanicalSystem,8c770c23-0820-4a66-8dd9-174c48c89e53-000e1448,HVAC System Overall,,,,,,,,,,
HVAC,bill.east@us.army.mil,2013-12-30T08:57:57,21-51 51 16: Air Distribution,Supply Diffuser Sidewall 800 mm- 02,"Autodesk Revit 2014, Build: 20131024_2115(x64)",Autodesk.Revit.DB.Mechanical.MechanicalSystem,8c770c23-0820-4a66-8dd9-174c48c89e53-000e1448,HVAC System Overall,,,,,,,,,,
HVAC,bill.east@us.army.mil,2013-12-30T08:57:57,21-51 51 16: Air Distribution,Supply Diffuser Sidewall Standard- 02,"Autodesk Revit 2014, Build: 20131024_2115(x64)",Autodesk.Revit.DB.Mechanical.MechanicalSystem,8c770c23-0820-4a66-8dd9-174c48c89e53-000e1448,HVAC System Overall,,,,,,,,,,
HVAC,bill.east@us.army.mil,2013-12-30T08:57:57,21-51 51 16: Air Distribution,Supply Diffuser Sidewall Standard- 03,"Autodesk Revit 2014, Build: 20131024_2115(x64)",Autodesk.Revit.DB.Mechanical.MechanicalSystem,8c770c23-0820-4a66-8dd9-174c48c89e53-000e1448,HVAC System Overall,,,,,,,,,,
HVAC,bill.east@us.army.mil,2013-12-30T08:57:57,21-51 51 16: Air Distribution,Supply Diffuser Sidewall Standard- 04,"Autodesk Revit 2014, Build: 20131024_2115(x64)",Autodesk.Revit.DB.Mechanical.MechanicalSystem,8c770c23-0820-4a66-8dd9-174c48c89e53-000e1448,HVAC System Overall,,,,,,,,,,
HVAC,bill.east@us.army.mil,2013-12-30T08:57:57,21-51 51 16: Air Distribution,Supply Diffuser Sidewall Standard- 05,"Autodesk Revit 2014, Build: 20131024_2115(x64)",Autodesk.Revit.DB.Mechanical.MechanicalSystem,8c770c23-0820-4a66-8dd9-174c48c89e53-000e1448,HVAC System Overall,,,,,,,,,,
HVAC,bill.east@us.army.mil,2013-12-30T08:57:57,21-51 51 16: Air Distribution,Supply Diffuser Sidewall Standard- 06,"Autodesk Revit 2014, Build: 20131024_2115(x64)",Autodesk.Revit.DB.Mechanical.MechanicalSystem,8c770c23-0820-4a66-8dd9-174c48c89e53-000e1448,HVAC System Overall,,,,,,,,,,
HVAC,bill.east@us.army.mil,2013-12-30T08:57:57,21-51 51 16: Air Distribution,Supply Diffuser Sidewall Standard- 01,"Autodesk Revit 2014, Build: 20131024_2115(x64)",Autodesk.Revit.DB.Mechanical.MechanicalSystem,8c770c23-0820-4a66-8dd9-174c48c89e53-000e1448,HVAC System Overall,,,,,,,,,,
HVAC,bill.east@us.army.mil,2013-12-30T08:57:57,21-51 51 16: Air Distribution,Supply Diffuser Sidewall 800 mm- 11,"Autodesk Revit 2014, Build: 20131024_2115(x64)",Autodesk.Revit.DB.Mechanical.MechanicalSystem,8c770c23-0820-4a66-8dd9-174c48c89e53-000e1448,HVAC System Overall,,,,,,,,,,
HVAC,bill.east@us.army.mil,2013-12-30T08:57:57,21-51 51 16: Air Distribution,Supply Diffuser Sidewall 800 mm- 12,"Autodesk Revit 2014, Build: 20131024_2115(x64)",Autodesk.Revit.DB.Mechanical.MechanicalSystem,8c770c23-0820-4a66-8dd9-174c48c89e53-000e1448,HVAC System Overall,,,,,,,,,,
HVAC,bill.east@us.army.mil,2013-12-30T08:57:57,21-51 51 16: Air Distribution,Supply Diffuser Sidewall 800 mm- 13,"Autodesk Revit 2014, Build: 20131024_2115(x64)",Autodesk.Revit.DB.Mechanical.MechanicalSystem,8c770c23-0820-4a66-8dd9-174c48c89e53-000e1448,HVAC System Overall,,,,,,,,,,
HVAC,bill.east@us.army.mil,2013-12-30T08:57:57,21-51 51 16: Air Distribution,Supply Diffuser Sidewall 800 mm- 14,"Autodesk Revit 2014, Build: 20131024_2115(x64)",Autodesk.Revit.DB.Mechanical.MechanicalSystem,8c770c23-0820-4a66-8dd9-174c48c89e53-000e1448,HVAC System Overall,,,,,,,,,,
HVAC,bill.east@us.army.mil,2013-12-30T08:57:57,21-51 51 16: Air Distribution,Supply Diffuser Sidewall 800 mm- 03,"Autodesk Revit 2014, Build: 20131024_2115(x64)",Autodesk.Revit.DB.Mechanical.MechanicalSystem,8c770c23-0820-4a66-8dd9-174c48c89e53-000e1448,HVAC System Overall,,,,,,,,,,
HVAC,bill.east@us.army.mil,2013-12-30T08:57:57,21-51 51 16: Air Distribution,Supply Diffuser Sidewall 800 mm- 04,"Autodesk Revit 2014, Build: 20131024_2115(x64)",Autodesk.Revit.DB.Mechanical.MechanicalSystem,8c770c23-0820-4a66-8dd9-174c48c89e53-000e1448,HVAC System Overall,,,,,,,,,,
HVAC,bill.east@us.army.mil,2013-12-30T08:57:57,21-51 51 16: Air Distribution,Supply Diffuser Sidewall 800 mm- 15,"Autodesk Revit 2014, Build: 20131024_2115(x64)",Autodesk.Revit.DB.Mechanical.MechanicalSystem,8c770c23-0820-4a66-8dd9-174c48c89e53-000e1448,HVAC System Overall,,,,,,,,,,
HVAC,bill.east@us.army.mil,2013-12-30T08:57:57,21-51 51 16: Air Distribution,Supply Diffuser Sidewall 800 mm- 05,"Autodesk Revit 2014, Build: 20131024_2115(x64)",Autodesk.Revit.DB.Mechanical.MechanicalSystem,8c770c23-0820-4a66-8dd9-174c48c89e53-000e1448,HVAC System Overall,,,,,,,,,,
HVAC,bill.east@us.army.mil,2013-12-30T08:57:57,21-51 51 16: Air Distribution,Supply Diffuser Sidewall 800 mm- 16,"Autodesk Revit 2014, Build: 20131024_2115(x64)",Autodesk.Revit.DB.Mechanical.MechanicalSystem,8c770c23-0820-4a66-8dd9-174c48c89e53-000e1448,HVAC System Overall,,,,,,,,,,
HVAC,bill.east@us.army.mil,2013-12-30T08:57:57,21-51 51 16: Air Distribution,Supply Diffuser Sidewall 800 mm- 17,"Autodesk Revit 2014, Build: 20131024_2115(x64)",Autodesk.Revit.DB.Mechanical.MechanicalSystem,8c770c23-0820-4a66-8dd9-174c48c89e53-000e1448,HVAC System Overall,,,,,,,,,,
HVAC,bill.east@us.army.mil,2013-12-30T08:57:57,21-51 51 16: Air Distribution,Supply Diffuser Sidewall 800 mm- 06,"Autodesk Revit 2014, Build: 20131024_2115(x64)",Autodesk.Revit.DB.Mechanical.MechanicalSystem,8c770c23-0820-4a66-8dd9-174c48c89e53-000e1448,HVAC System Overall,,,,,,,,,,
HVAC,bill.east@us.army.mil,2013-12-30T08:57:57,21-51 51 16: Air Distribution,Supply Diffuser Sidewall 800 mm- 18,"Autodesk Revit 2014, Build: 20131024_2115(x64)",Autodesk.Revit.DB.Mechanical.MechanicalSystem,8c770c23-0820-4a66-8dd9-174c48c89e53-000e1448,HVAC System Overall,,,,,,,,,,
HVAC,bill.east@us.army.mil,2013-12-30T08:57:57,21-51 51 16: Air Distribution,HVAC Ducts_854346,"Autodesk Revit 2014, Build: 20131024_2115(x64)",Autodesk.Revit.DB.Mechanical.MechanicalSystem,8c770c23-0820-4a66-8dd9-174c48c89e53-000e1448,HVAC System Overall,,,,,,,,,,
HVAC,bill.east@us.army.mil,2013-12-30T08:57:57,21-51 51 16: Air Distribution,HVAC Ducts_854368,"Autodesk Revit 2014, Build: 20131024_2115(x64)",Autodesk.Revit.DB.Mechanical.MechanicalSystem,8c770c23-0820-4a66-8dd9-174c48c89e53-000e1448,HVAC System Overall,,,,,,,,,,
HVAC,bill.east@us.army.mil,2013-12-30T08:57:57,21-51 51 16: Air Distribution,HVAC Ducts_854380,"Autodesk Revit 2014, Build: 20131024_2115(x64)",Autodesk.Revit.DB.Mechanical.MechanicalSystem,8c770c23-0820-4a66-8dd9-174c48c89e53-000e1448,HVAC System Overall,,,,,,,,,,
HVAC,bill.east@us.army.mil,2013-12-30T08:57:57,21-51 51 16: Air Distribution,HVAC Ducts_863062,"Autodesk Revit 2014, Build: 20131024_2115(x64)",Autodesk.Revit.DB.Mechanical.MechanicalSystem,8c770c23-0820-4a66-8dd9-174c48c89e53-000e1448,HVAC System Overall,,,,,,,,,,
HVAC,bill.east@us.army.mil,2013-12-30T08:57:57,21-51 51 16: Air Distribution,Supply Diffuser Sidewall 400mm- 01,"Autodesk Revit 2014, Build: 20131024_2115(x64)",Autodesk.Revit.DB.Mechanical.MechanicalSystem,8c770c23-0820-4a66-8dd9-174c48c89e53-000e1448,HVAC System Overall,,,,,,,,,,
HVAC,bill.east@us.army.mil,2013-12-30T08:57:57,21-51 51 16: Air Distribution,Supply Diffuser Sidewall 200mm- 01,"Autodesk Revit 2014, Build: 20131024_2115(x64)",Autodesk.Revit.DB.Mechanical.MechanicalSystem,8c770c23-0820-4a66-8dd9-174c48c89e53-000e1448,HVAC System Overall,,,,,,,,,,
HVAC,bill.east@us.army.mil,2013-12-30T08:57:57,21-51 51 16: Air Distribution,Supply Diffuser Sidewall 400mm- 02,"Autodesk Revit 2014, Build: 20131024_2115(x64)",Autodesk.Revit.DB.Mechanical.MechanicalSystem,8c770c23-0820-4a66-8dd9-174c48c89e53-000e1448,HVAC System Overall,,,,,,,,,,
HVAC,bill.east@us.army.mil,2013-12-30T08:57:57,21-51 51 16: Air Distribution,Supply Diffuser Sidewall 400mm- 03,"Autodesk Revit 2014, Build: 20131024_2115(x64)",Autodesk.Revit.DB.Mechanical.MechanicalSystem,8c770c23-0820-4a66-8dd9-174c48c89e53-000e1448,HVAC System Overall,,,,,,,,,,
Medical Gas,bill.east@us.army.mil,2013-12-30T08:58:02,21-51 51 16: Air Distribution,Air Compressor - Dental,"Autodesk Revit 2014, Build: 20131024_2115(x64)",Autodesk.Revit.DB.Plumbing.PipingSystem,0cea7090-4af7-4829-b88b-98f5456bb4fc-000e1934,Medical Gas System Overall,,,,,,,,,,
Fire Protection,bill.east@us.army.mil,2013-12-30T08:58:02,21-51 11 11: Fire and Smoke Detection and Alarm,Fire Protection Pipe_863158,"Autodesk Revit 2014, Build: 20131024_2115(x64)",Autodesk.Revit.DB.Plumbing.PipingSystem,f8da0977-5298-4eca-93b4-f0739c3e3978-000e19b6,Fire Protection System Overall,,,,,,,,,,
Fire Protection,bill.east@us.army.mil,2013-12-30T08:58:02,21-51 11 11: Fire and Smoke Detection and Alarm,Fire Protection Fitting_863203,"Autodesk Revit 2014, Build: 20131024_2115(x64)",Autodesk.Revit.DB.Plumbing.PipingSystem,f8da0977-5298-4eca-93b4-f0739c3e3978-000e19b6,Fire Protection System Overall,,,,,,,,,,
Fire Protection,bill.east@us.army.mil,2013-12-30T08:58:02,21-51 11 11: Fire and Smoke Detection and Alarm,Fire Protection Pipe_863327,"Autodesk Revit 2014, Build: 20131024_2115(x64)",Autodesk.Revit.DB.Plumbing.PipingSystem,f8da0977-5298-4eca-93b4-f0739c3e3978-000e19b6,Fire Protection System Overall,,,,,,,,,,
Fire Protection,bill.east@us.army.mil,2013-12-30T08:58:02,21-51 11 11: Fire and Smoke Detection and Alarm,1_863333,"Autodesk Revit 2014, Build: 20131024_2115(x64)",Autodesk.Revit.DB.Plumbing.PipingSystem,f8da0977-5298-4eca-93b4-f0739c3e3978-000e19b6,Fire Protection System Overall,,,,,,,,,,
Fire Protection,bill.east@us.army.mil,2013-12-30T08:58:02,21-51 11 11: Fire and Smoke Detection and Alarm,2_863335,"Autodesk Revit 2014, Build: 20131024_2115(x64)",Autodesk.Revit.DB.Plumbing.PipingSystem,f8da0977-5298-4eca-93b4-f0739c3e3978-000e19b6,Fire Protection System Overall,,,,,,,,,,
Fire Protection,bill.east@us.army.mil,2013-12-30T08:58:02,21-51 11 11: Fire and Smoke Detection and Alarm,3_863339,"Autodesk Revit 2014, Build: 20131024_2115(x64)",Autodesk.Revit.DB.Plumbing.PipingSystem,f8da0977-5298-4eca-93b4-f0739c3e3978-000e19b6,Fire Protection System Overall,,,,,,,,,,
Fire Protection,bill.east@us.army.mil,2013-12-30T08:58:02,21-51 11 11: Fire and Smoke Detection and Alarm,4_863342,"Autodesk Revit 2014, Build: 20131024_2115(x64)",Autodesk.Revit.DB.Plumbing.PipingSystem,f8da0977-5298-4eca-93b4-f0739c3e3978-000e19b6,Fire Protection System Overall,,,,,,,,,,
Fire Protection,bill.east@us.army.mil,2013-12-30T08:58:02,21-51 11 11: Fire and Smoke Detection and Alarm,FireSprinkler-022,"Autodesk Revit 2014, Build: 20131024_2115(x64)",Autodesk.Revit.DB.Plumbing.PipingSystem,f8da0977-5298-4eca-93b4-f0739c3e3978-000e19b6,Fire Protection System Overall,,,,,,,,,,
Fire Protection,bill.east@us.army.mil,2013-12-30T08:58:02,21-51 11 11: Fire and Smoke Detection and Alarm,6_863345,"Autodesk Revit 2014, Build: 20131024_2115(x64)",Autodesk.Revit.DB.Plumbing.PipingSystem,f8da0977-5298-4eca-93b4-f0739c3e3978-000e19b6,Fire Protection System Overall,,,,,,,,,,
Fire Protection,bill.east@us.army.mil,2013-12-30T08:58:02,21-51 11 11: Fire and Smoke Detection and Alarm,7_863347,"Autodesk Revit 2014, Build: 20131024_2115(x64)",Autodesk.Revit.DB.Plumbing.PipingSystem,f8da0977-5298-4eca-93b4-f0739c3e3978-000e19b6,Fire Protection System Overall,,,,,,,,,,
Fire Protection,bill.east@us.army.mil,2013-12-30T08:58:02,21-51 11 11: Fire and Smoke Detection and Alarm,8_863348,"Autodesk Revit 2014, Build: 20131024_2115(x64)",Autodesk.Revit.DB.Plumbing.PipingSystem,f8da0977-5298-4eca-93b4-f0739c3e3978-000e19b6,Fire Protection System Overall,,,,,,,,,,
Fire Protection,bill.east@us.army.mil,2013-12-30T08:58:02,21-51 11 11: Fire and Smoke Detection and Alarm,9_863350,"Autodesk Revit 2014, Build: 20131024_2115(x64)",Autodesk.Revit.DB.Plumbing.PipingSystem,f8da0977-5298-4eca-93b4-f0739c3e3978-000e19b6,Fire Protection System Overall,,,,,,,,,,
Fire Protection,bill.east@us.army.mil,2013-12-30T08:58:02,21-51 11 11: Fire and Smoke Detection and Alarm,10_863352,"Autodesk Revit 2014, Build: 20131024_2115(x64)",Autodesk.Revit.DB.Plumbing.PipingSystem,f8da0977-5298-4eca-93b4-f0739c3e3978-000e19b6,Fire Protection System Overall,,,,,,,,,,
Fire Protection,bill.east@us.army.mil,2013-12-30T08:58:02,21-51 11 11: Fire and Smoke Detection and Alarm,11_863354,"Autodesk Revit 2014, Build: 20131024_2115(x64)",Autodesk.Revit.DB.Plumbing.PipingSystem,f8da0977-5298-4eca-93b4-f0739c3e3978-000e19b6,Fire Protection System Overall,,,,,,,,,,
Fire Protection,bill.east@us.army.mil,2013-12-30T08:58:02,21-51 11 11: Fire and Smoke Detection and Alarm,12_863355,"Autodesk Revit 2014, Build: 20131024_2115(x64)",Autodesk.Revit.DB.Plumbing.PipingSystem,f8da0977-5298-4eca-93b4-f0739c3e3978-000e19b6,Fire Protection System Overall,,,,,,,,,,
Fire Protection,bill.east@us.army.mil,2013-12-30T08:58:02,21-51 11 11: Fire and Smoke Detection and Alarm,13_863356,"Autodesk Revit 2014, Build: 20131024_2115(x64)",Autodesk.Revit.DB.Plumbing.PipingSystem,f8da0977-5298-4eca-93b4-f0739c3e3978-000e19b6,Fire Protection System Overall,,,,,,,,,,
Fire Protection,bill.east@us.army.mil,2013-12-30T08:58:02,21-51 11 11: Fire and Smoke Detection and Alarm,501_863358,"Autodesk Revit 2014, Build: 20131024_2115(x64)",Autodesk.Revit.DB.Plumbing.PipingSystem,f8da0977-5298-4eca-93b4-f0739c3e3978-000e19b6,Fire Protection System Overall,,,,,,,,,,
Fire Protection,bill.east@us.army.mil,2013-12-30T08:58:02,21-51 11 11: Fire and Smoke Detection and Alarm,15_863359,"Autodesk Revit 2014, Build: 20131024_2115(x64)",Autodesk.Revit.DB.Plumbing.PipingSystem,f8da0977-5298-4eca-93b4-f0739c3e3978-000e19b6,Fire Protection System Overall,,,,,,,,,,
Fire Protection,bill.east@us.army.mil,2013-12-30T08:58:02,21-51 11 11: Fire and Smoke Detection and Alarm,16_863360,"Autodesk Revit 2014, Build: 20131024_2115(x64)",Autodesk.Revit.DB.Plumbing.PipingSystem,f8da0977-5298-4eca-93b4-f0739c3e3978-000e19b6,Fire Protection System Overall,,,,,,,,,,
Fire Protection,bill.east@us.army.mil,2013-12-30T08:58:02,21-51 11 11: Fire and Smoke Detection and Alarm,17_863362,"Autodesk Revit 2014, Build: 20131024_2115(x64)",Autodesk.Revit.DB.Plumbing.PipingSystem,f8da0977-5298-4eca-93b4-f0739c3e3978-000e19b6,Fire Protection System Overall,,,,,,,,,,
Fire Protection,bill.east@us.army.mil,2013-12-30T08:58:02,21-51 11 11: Fire and Smoke Detection and Alarm,18_863363,"Autodesk Revit 2014, Build: 20131024_2115(x64)",Autodesk.Revit.DB.Plumbing.PipingSystem,f8da0977-5298-4eca-93b4-f0739c3e3978-000e19b6,Fire Protection System Overall,,,,,,,,,,
Fire Protection,bill.east@us.army.mil,2013-12-30T08:58:02,21-51 11 11: Fire and Smoke Detection and Alarm,19_863365,"Autodesk Revit 2014, Build: 20131024_2115(x64)",Autodesk.Revit.DB.Plumbing.PipingSystem,f8da0977-5298-4eca-93b4-f0739c3e3978-000e19b6,Fire Protection System Overall,,,,,,,,,,
Fire Protection,bill.east@us.army.mil,2013-12-30T08:58:02,21-51 11 11: Fire and Smoke Detection and Alarm,20_863435,"Autodesk Revit 2014, Build: 20131024_2115(x64)",Autodesk.Revit.DB.Plumbing.PipingSystem,f8da0977-5298-4eca-93b4-f0739c3e3978-000e19b6,Fire Protection System Overall,,,,,,,,,,
Fire Protection,bill.east@us.army.mil,2013-12-30T08:58:02,21-51 11 11: Fire and Smoke Detection and Alarm,21_863437,"Autodesk Revit 2014, Build: 20131024_2115(x64)",Autodesk.Revit.DB.Plumbing.PipingSystem,f8da0977-5298-4eca-93b4-f0739c3e3978-000e19b6,Fire Protection System Overall,,,,,,,,,,
Fire Protection,bill.east@us.army.mil,2013-12-30T08:58:02,21-51 11 11: Fire and Smoke Detection and Alarm,500_863438,"Autodesk Revit 2014, Build: 20131024_2115(x64)",Autodesk.Revit.DB.Plumbing.PipingSystem,f8da0977-5298-4eca-93b4-f0739c3e3978-000e19b6,Fire Protection System Overall,,,,,,,,,,
Fire Protection,bill.east@us.army.mil,2013-12-30T08:58:02,21-51 11 11: Fire and Smoke Detection and Alarm,23_863440,"Autodesk Revit 2014, Build: 20131024_2115(x64)",Autodesk.Revit.DB.Plumbing.PipingSystem,f8da0977-5298-4eca-93b4-f0739c3e3978-000e19b6,Fire Protection System Overall,,,,,,,,,,
Fire Protection,bill.east@us.army.mil,2013-12-30T08:58:02,21-51 11 11: Fire and Smoke Detection and Alarm,24_863442,"Autodesk Revit 2014, Build: 20131024_2115(x64)",Autodesk.Revit.DB.Plumbing.PipingSystem,f8da0977-5298-4eca-93b4-f0739c3e3978-000e19b6,Fire Protection System Overall,,,,,,,,,,
Fire Protection,bill.east@us.army.mil,2013-12-30T08:58:02,21-51 11 11: Fire and Smoke Detection and Alarm,25_863444,"Autodesk Revit 2014, Build: 20131024_2115(x64)",Autodesk.Revit.DB.Plumbing.PipingSystem,f8da0977-5298-4eca-93b4-f0739c3e3978-000e19b6,Fire Protection System Overall,,,,,,,,,,
Fire Protection,bill.east@us.army.mil,2013-12-30T08:58:02,21-51 11 11: Fire and Smoke Detection and Alarm,26_863446,"Autodesk Revit 2014, Build: 20131024_2115(x64)",Autodesk.Revit.DB.Plumbing.PipingSystem,f8da0977-5298-4eca-93b4-f0739c3e3978-000e19b6,Fire Protection System Overall,,,,,,,,,,
Fire Protection,bill.east@us.army.mil,2013-12-30T08:58:02,21-51 11 11: Fire and Smoke Detection and Alarm,27_863447,"Autodesk Revit 2014, Build: 20131024_2115(x64)",Autodesk.Revit.DB.Plumbing.PipingSystem,f8da0977-5298-4eca-93b4-f0739c3e3978-000e19b6,Fire Protection System Overall,,,,,,,,,,
Fire Protection,bill.east@us.army.mil,2013-12-30T08:58:02,21-51 11 11: Fire and Smoke Detection and Alarm,28_863449,"Autodesk Revit 2014, Build: 20131024_2115(x64)",Autodesk.Revit.DB.Plumbing.PipingSystem,f8da0977-5298-4eca-93b4-f0739c3e3978-000e19b6,Fire Protection System Overall,,,,,,,,,,
Fire Protection,bill.east@us.army.mil,2013-12-30T08:58:02,21-51 11 11: Fire and Smoke Detection and Alarm,29_863451,"Autodesk Revit 2014, Build: 20131024_2115(x64)",Autodesk.Revit.DB.Plumbing.PipingSystem,f8da0977-5298-4eca-93b4-f0739c3e3978-000e19b6,Fire Protection System Overall,,,,,,,,,,
Fire Protection,bill.east@us.army.mil,2013-12-30T08:58:02,21-51 11 11: Fire and Smoke Detection and Alarm,30_863453,"Autodesk Revit 2014, Build: 20131024_2115(x64)",Autodesk.Revit.DB.Plumbing.PipingSystem,f8da0977-5298-4eca-93b4-f0739c3e3978-000e19b6,Fire Protection System Overall,,,,,,,,,,
Fire Protection,bill.east@us.army.mil,2013-12-30T08:58:02,21-51 11 11: Fire and Smoke Detection and Alarm,FireSprinkler-014,"Autodesk Revit 2014, Build: 20131024_2115(x64)",Autodesk.Revit.DB.Plumbing.PipingSystem,f8da0977-5298-4eca-93b4-f0739c3e3978-000e19b6,Fire Protection System Overall,,,,,,,,,,
Fire Protection,bill.east@us.army.mil,2013-12-30T08:58:02,21-51 11 11: Fire and Smoke Detection and Alarm,32_863456,"Autodesk Revit 2014, Build: 20131024_2115(x64)",Autodesk.Revit.DB.Plumbing.PipingSystem,f8da0977-5298-4eca-93b4-f0739c3e3978-000e19b6,Fire Protection System Overall,,,,,,,,,,
Fire Protection,bill.east@us.army.mil,2013-12-30T08:58:02,21-51 11 11: Fire and Smoke Detection and Alarm,33_863458,"Autodesk Revit 2014, Build: 20131024_2115(x64)",Autodesk.Revit.DB.Plumbing.PipingSystem,f8da0977-5298-4eca-93b4-f0739c3e3978-000e19b6,Fire Protection System Overall,,,,,,,,,,
Fire Protection,bill.east@us.army.mil,2013-12-30T08:58:02,21-51 11 11: Fire and Smoke Detection and Alarm,34_863460,"Autodesk Revit 2014, Build: 20131024_2115(x64)",Autodesk.Revit.DB.Plumbing.PipingSystem,f8da0977-5298-4eca-93b4-f0739c3e3978-000e19b6,Fire Protection System Overall,,,,,,,,,,
Fire Protection,bill.east@us.army.mil,2013-12-30T08:58:02,21-51 11 11: Fire and Smoke Detection and Alarm,35_863462,"Autodesk Revit 2014, Build: 20131024_2115(x64)",Autodesk.Revit.DB.Plumbing.PipingSystem,f8da0977-5298-4eca-93b4-f0739c3e3978-000e19b6,Fire Protection System Overall,,,,,,,,,,
Fire Protection,bill.east@us.army.mil,2013-12-30T08:58:02,21-51 11 11: Fire and Smoke Detection and Alarm,36_863463,"Autodesk Revit 2014, Build: 20131024_2115(x64)",Autodesk.Revit.DB.Plumbing.PipingSystem,f8da0977-5298-4eca-93b4-f0739c3e3978-000e19b6,Fire Protection System Overall,,,,,,,,,,
Fire Protection,bill.east@us.army.mil,2013-12-30T08:58:02,21-51 11 11: Fire and Smoke Detection and Alarm,37_863468,"Autodesk Revit 2014, Build: 20131024_2115(x64)",Autodesk.Revit.DB.Plumbing.PipingSystem,f8da0977-5298-4eca-93b4-f0739c3e3978-000e19b6,Fire Protection System Overall,,,,,,,,,,
Fire Protection,bill.east@us.army.mil,2013-12-30T08:58:02,21-51 11 11: Fire and Smoke Detection and Alarm,38_863469,"Autodesk Revit 2014, Build: 20131024_2115(x64)",Autodesk.Revit.DB.Plumbing.PipingSystem,f8da0977-5298-4eca-93b4-f0739c3e3978-000e19b6,Fire Protection System Overall,,,,,,,,,,
Fire Protection,bill.east@us.army.mil,2013-12-30T08:58:02,21-51 11 11: Fire and Smoke Detection and Alarm,39_863471,"Autodesk Revit 2014, Build: 20131024_2115(x64)",Autodesk.Revit.DB.Plumbing.PipingSystem,f8da0977-5298-4eca-93b4-f0739c3e3978-000e19b6,Fire Protection System Overall,,,,,,,,,,
Fire Protection,bill.east@us.army.mil,2013-12-30T08:58:02,21-51 11 11: Fire and Smoke Detection and Alarm,40_863473,"Autodesk Revit 2014, Build: 20131024_2115(x64)",Autodesk.Revit.DB.Plumbing.PipingSystem,f8da0977-5298-4eca-93b4-f0739c3e3978-000e19b6,Fire Protection System Overall,,,,,,,,,,
Fire Protection,bill.east@us.army.mil,2013-12-30T08:58:02,21-51 11 11: Fire and Smoke Detection and Alarm,41_863474,"Autodesk Revit 2014, Build: 20131024_2115(x64)",Autodesk.Revit.DB.Plumbing.PipingSystem,f8da0977-5298-4eca-93b4-f0739c3e3978-000e19b6,Fire Protection System Overall,,,,,,,,,,
Fire Protection,bill.east@us.army.mil,2013-12-30T08:58:02,21-51 11 11: Fire and Smoke Detection and Alarm,42_863477,"Autodesk Revit 2014, Build: 20131024_2115(x64)",Autodesk.Revit.DB.Plumbing.PipingSystem,f8da0977-5298-4eca-93b4-f0739c3e3978-000e19b6,Fire Protection System Overall,,,,,,,,,,
Fire Protection,bill.east@us.army.mil,2013-12-30T08:58:02,21-51 11 11: Fire and Smoke Detection and Alarm,43_863478,"Autodesk Revit 2014, Build: 20131024_2115(x64)",Autodesk.Revit.DB.Plumbing.PipingSystem,f8da0977-5298-4eca-93b4-f0739c3e3978-000e19b6,Fire Protection System Overall,,,,,,,,,,
Fire Protection,bill.east@us.army.mil,2013-12-30T08:58:02,21-51 11 11: Fire and Smoke Detection and Alarm,44_863480,"Autodesk Revit 2014, Build: 20131024_2115(x64)",Autodesk.Revit.DB.Plumbing.PipingSystem,f8da0977-5298-4eca-93b4-f0739c3e3978-000e19b6,Fire Protection System Overall,,,,,,,,,,
Fire Protection,bill.east@us.army.mil,2013-12-30T08:58:02,21-51 11 11: Fire and Smoke Detection and Alarm,45_863482,"Autodesk Revit 2014, Build: 20131024_2115(x64)",Autodesk.Revit.DB.Plumbing.PipingSystem,f8da0977-5298-4eca-93b4-f0739c3e3978-000e19b6,Fire Protection System Overall,,,,,,,,,,
Fire Protection,bill.east@us.army.mil,2013-12-30T08:58:02,21-51 11 11: Fire and Smoke Detection and Alarm,46_863484,"Autodesk Revit 2014, Build: 20131024_2115(x64)",Autodesk.Revit.DB.Plumbing.PipingSystem,f8da0977-5298-4eca-93b4-f0739c3e3978-000e19b6,Fire Protection System Overall,,,,,,,,,,
Fire Protection,bill.east@us.army.mil,2013-12-30T08:58:02,21-51 11 11: Fire and Smoke Detection and Alarm,47_863485,"Autodesk Revit 2014, Build: 20131024_2115(x64)",Autodesk.Revit.DB.Plumbing.PipingSystem,f8da0977-5298-4eca-93b4-f0739c3e3978-000e19b6,Fire Protection System Overall,,,,,,,,,,
Fire Protection,bill.east@us.army.mil,2013-12-30T08:58:02,21-51 11 11: Fire and Smoke Detection and Alarm,48_863486,"Autodesk Revit 2014, Build: 20131024_2115(x64)",Autodesk.Revit.DB.Plumbing.PipingSystem,f8da0977-5298-4eca-93b4-f0739c3e3978-000e19b6,Fire Protection System Overall,,,,,,,,,,
Fire Protection,bill.east@us.army.mil,2013-12-30T08:58:02,21-51 11 11: Fire and Smoke Detection and Alarm,49_863487,"Autodesk Revit 2014, Build: 20131024_2115(x64)",Autodesk.Revit.DB.Plumbing.PipingSystem,f8da0977-5298-4eca-93b4-f0739c3e3978-000e19b6,Fire Protection System Overall,,,,,,,,,,
Fire Protection,bill.east@us.army.mil,2013-12-30T08:58:02,21-51 11 11: Fire and Smoke Detection and Alarm,50_863491,"Autodesk Revit 2014, Build: 20131024_2115(x64)",Autodesk.Revit.DB.Plumbing.PipingSystem,f8da0977-5298-4eca-93b4-f0739c3e3978-000e19b6,Fire Protection System Overall,,,,,,,,,,
Fire Protection,bill.east@us.army.mil,2013-12-30T08:58:02,21-51 11 11: Fire and Smoke Detection and Alarm,51_863492,"Autodesk Revit 2014, Build: 20131024_2115(x64)",Autodesk.Revit.DB.Plumbing.PipingSystem,f8da0977-5298-4eca-93b4-f0739c3e3978-000e19b6,Fire Protection System Overall,,,,,,,,,,
Fire Protection,bill.east@us.army.mil,2013-12-30T08:58:02,21-51 11 11: Fire and Smoke Detection and Alarm,52_863493,"Autodesk Revit 2014, Build: 20131024_2115(x64)",Autodesk.Revit.DB.Plumbing.PipingSystem,f8da0977-5298-4eca-93b4-f0739c3e3978-000e19b6,Fire Protection System Overall,,,,,,,,,,
Fire Protection,bill.east@us.army.mil,2013-12-30T08:58:02,21-51 11 11: Fire and Smoke Detection and Alarm,53_863494,"Autodesk Revit 2014, Build: 20131024_2115(x64)",Autodesk.Revit.DB.Plumbing.PipingSystem,f8da0977-5298-4eca-93b4-f0739c3e3978-000e19b6,Fire Protection System Overall,,,,,,,,,,
Fire Protection,bill.east@us.army.mil,2013-12-30T08:58:02,21-51 11 11: Fire and Smoke Detection and Alarm,54_863524,"Autodesk Revit 2014, Build: 20131024_2115(x64)",Autodesk.Revit.DB.Plumbing.PipingSystem,f8da0977-5298-4eca-93b4-f0739c3e3978-000e19b6,Fire Protection System Overall,,,,,,,,,,
Fire Protection,bill.east@us.army.mil,2013-12-30T08:58:02,21-51 11 11: Fire and Smoke Detection and Alarm,55_863525,"Autodesk Revit 2014, Build: 20131024_2115(x64)",Autodesk.Revit.DB.Plumbing.PipingSystem,f8da0977-5298-4eca-93b4-f0739c3e3978-000e19b6,Fire Protection System Overall,,,,,,,,,,
Fire Protection,bill.east@us.army.mil,2013-12-30T08:58:02,21-51 11 11: Fire and Smoke Detection and Alarm,56_863526,"Autodesk Revit 2014, Build: 20131024_2115(x64)",Autodesk.Revit.DB.Plumbing.PipingSystem,f8da0977-5298-4eca-93b4-f0739c3e3978-000e19b6,Fire Protection System Overall,,,,,,,,,,
Fire Protection,bill.east@us.army.mil,2013-12-30T08:58:02,21-51 11 11: Fire and Smoke Detection and Alarm,57_863527,"Autodesk Revit 2014, Build: 20131024_2115(x64)",Autodesk.Revit.DB.Plumbing.PipingSystem,f8da0977-5298-4eca-93b4-f0739c3e3978-000e19b6,Fire Protection System Overall,,,,,,,,,,
Fire Protection,bill.east@us.army.mil,2013-12-30T08:58:02,21-51 11 11: Fire and Smoke Detection and Alarm,58_863528,"Autodesk Revit 2014, Build: 20131024_2115(x64)",Autodesk.Revit.DB.Plumbing.PipingSystem,f8da0977-5298-4eca-93b4-f0739c3e3978-000e19b6,Fire Protection System Overall,,,,,,,,,,
Fire Protection,bill.east@us.army.mil,2013-12-30T08:58:02,21-51 11 11: Fire and Smoke Detection and Alarm,59_863529,"Autodesk Revit 2014, Build: 20131024_2115(x64)",Autodesk.Revit.DB.Plumbing.PipingSystem,f8da0977-5298-4eca-93b4-f0739c3e3978-000e19b6,Fire Protection System Overall,,,,,,,,,,
Fire Protection,bill.east@us.army.mil,2013-12-30T08:58:02,21-51 11 11: Fire and Smoke Detection and Alarm,60_863530,"Autodesk Revit 2014, Build: 20131024_2115(x64)",Autodesk.Revit.DB.Plumbing.PipingSystem,f8da0977-5298-4eca-93b4-f0739c3e3978-000e19b6,Fire Protection System Overall,,,,,,,,,,
Fire Protection,bill.east@us.army.mil,2013-12-30T08:58:02,21-51 11 11: Fire and Smoke Detection and Alarm,61_863531,"Autodesk Revit 2014, Build: 20131024_2115(x64)",Autodesk.Revit.DB.Plumbing.PipingSystem,f8da0977-5298-4eca-93b4-f0739c3e3978-000e19b6,Fire Protection System Overall,,,,,,,,,,
Fire Protection,bill.east@us.army.mil,2013-12-30T08:58:02,21-51 11 11: Fire and Smoke Detection and Alarm,62_863533,"Autodesk Revit 2014, Build: 20131024_2115(x64)",Autodesk.Revit.DB.Plumbing.PipingSystem,f8da0977-5298-4eca-93b4-f0739c3e3978-000e19b6,Fire Protection System Overall,,,,,,,,,,
Fire Protection,bill.east@us.army.mil,2013-12-30T08:58:02,21-51 11 11: Fire and Smoke Detection and Alarm,63_863534,"Autodesk Revit 2014, Build: 20131024_2115(x64)",Autodesk.Revit.DB.Plumbing.PipingSystem,f8da0977-5298-4eca-93b4-f0739c3e3978-000e19b6,Fire Protection System Overall,,,,,,,,,,
Fire Protection,bill.east@us.army.mil,2013-12-30T08:58:02,21-51 11 11: Fire and Smoke Detection and Alarm,64_863536,"Autodesk Revit 2014, Build: 20131024_2115(x64)",Autodesk.Revit.DB.Plumbing.PipingSystem,f8da0977-5298-4eca-93b4-f0739c3e3978-000e19b6,Fire Protection System Overall,,,,,,,,,,
Fire Protection,bill.east@us.army.mil,2013-12-30T08:58:02,21-51 11 11: Fire and Smoke Detection and Alarm,65_863537,"Autodesk Revit 2014, Build: 20131024_2115(x64)",Autodesk.Revit.DB.Plumbing.PipingSystem,f8da0977-5298-4eca-93b4-f0739c3e3978-000e19b6,Fire Protection System Overall,,,,,,,,,,
Fire Protection,bill.east@us.army.mil,2013-12-30T08:58:02,21-51 11 11: Fire and Smoke Detection and Alarm,66_863539,"Autodesk Revit 2014, Build: 20131024_2115(x64)",Autodesk.Revit.DB.Plumbing.PipingSystem,f8da0977-5298-4eca-93b4-f0739c3e3978-000e19b6,Fire Protection System Overall,,,,,,,,,,
Fire Protection,bill.east@us.army.mil,2013-12-30T08:58:02,21-51 11 11: Fire and Smoke Detection and Alarm,67_863540,"Autodesk Revit 2014, Build: 20131024_2115(x64)",Autodesk.Revit.DB.Plumbing.PipingSystem,f8da0977-5298-4eca-93b4-f0739c3e3978-000e19b6,Fire Protection System Overall,,,,,,,,,,
Fire Protection,bill.east@us.army.mil,2013-12-30T08:58:02,21-51 11 11: Fire and Smoke Detection and Alarm,68_863544,"Autodesk Revit 2014, Build: 20131024_2115(x64)",Autodesk.Revit.DB.Plumbing.PipingSystem,f8da0977-5298-4eca-93b4-f0739c3e3978-000e19b6,Fire Protection System Overall,,,,,,,,,,
Fire Protection,bill.east@us.army.mil,2013-12-30T08:58:02,21-51 11 11: Fire and Smoke Detection and Alarm,69_863546,"Autodesk Revit 2014, Build: 20131024_2115(x64)",Autodesk.Revit.DB.Plumbing.PipingSystem,f8da0977-5298-4eca-93b4-f0739c3e3978-000e19b6,Fire Protection System Overall,,,,,,,,,,
Fire Protection,bill.east@us.army.mil,2013-12-30T08:58:02,21-51 11 11: Fire and Smoke Detection and Alarm,70_863548,"Autodesk Revit 2014, Build: 20131024_2115(x64)",Autodesk.Revit.DB.Plumbing.PipingSystem,f8da0977-5298-4eca-93b4-f0739c3e3978-000e19b6,Fire Protection System Overall,,,,,,,,,,
Fire Protection,bill.east@us.army.mil,2013-12-30T08:58:02,21-51 11 11: Fire and Smoke Detection and Alarm,71_863549,"Autodesk Revit 2014, Build: 20131024_2115(x64)",Autodesk.Revit.DB.Plumbing.PipingSystem,f8da0977-5298-4eca-93b4-f0739c3e3978-000e19b6,Fire Protection System Overall,,,,,,,,,,
Fire Protection,bill.east@us.army.mil,2013-12-30T08:58:02,21-51 11 11: Fire and Smoke Detection and Alarm,72_863550,"Autodesk Revit 2014, Build: 20131024_2115(x64)",Autodesk.Revit.DB.Plumbing.PipingSystem,f8da0977-5298-4eca-93b4-f0739c3e3978-000e19b6,Fire Protection System Overall,,,,,,,,,,
Fire Protection,bill.east@us.army.mil,2013-12-30T08:58:02,21-51 11 11: Fire and Smoke Detection and Alarm,73_863551,"Autodesk Revit 2014, Build: 20131024_2115(x64)",Autodesk.Revit.DB.Plumbing.PipingSystem,f8da0977-5298-4eca-93b4-f0739c3e3978-000e19b6,Fire Protection System Overall,,,,,,,,,,
Fire Protection,bill.east@us.army.mil,2013-12-30T08:58:02,21-51 11 11: Fire and Smoke Detection and Alarm,74_863552,"Autodesk Revit 2014, Build: 20131024_2115(x64)",Autodesk.Revit.DB.Plumbing.PipingSystem,f8da0977-5298-4eca-93b4-f0739c3e3978-000e19b6,Fire Protection System Overall,,,,,,,,,,
Fire Protection,bill.east@us.army.mil,2013-12-30T08:58:02,21-51 11 11: Fire and Smoke Detection and Alarm,75_863553,"Autodesk Revit 2014, Build: 20131024_2115(x64)",Autodesk.Revit.DB.Plumbing.PipingSystem,f8da0977-5298-4eca-93b4-f0739c3e3978-000e19b6,Fire Protection System Overall,,,,,,,,,,
Fire Protection,bill.east@us.army.mil,2013-12-30T08:58:02,21-51 11 11: Fire and Smoke Detection and Alarm,77_863555,"Autodesk Revit 2014, Build: 20131024_2115(x64)",Autodesk.Revit.DB.Plumbing.PipingSystem,f8da0977-5298-4eca-93b4-f0739c3e3978-000e19b6,Fire Protection System Overall,,,,,,,,,,
Fire Protection,bill.east@us.army.mil,2013-12-30T08:58:02,21-51 11 11: Fire and Smoke Detection and Alarm,78_863557,"Autodesk Revit 2014, Build: 20131024_2115(x64)",Autodesk.Revit.DB.Plumbing.PipingSystem,f8da0977-5298-4eca-93b4-f0739c3e3978-000e19b6,Fire Protection System Overall,,,,,,,,,,
Fire Protection,bill.east@us.army.mil,2013-12-30T08:58:02,21-51 11 11: Fire and Smoke Detection and Alarm,79_863559,"Autodesk Revit 2014, Build: 20131024_2115(x64)",Autodesk.Revit.DB.Plumbing.PipingSystem,f8da0977-5298-4eca-93b4-f0739c3e3978-000e19b6,Fire Protection System Overall,,,,,,,,,,
Fire Protection,bill.east@us.army.mil,2013-12-30T08:58:02,21-51 11 11: Fire and Smoke Detection and Alarm,80_863561,"Autodesk Revit 2014, Build: 20131024_2115(x64)",Autodesk.Revit.DB.Plumbing.PipingSystem,f8da0977-5298-4eca-93b4-f0739c3e3978-000e19b6,Fire Protection System Overall,,,,,,,,,,
Fire Protection,bill.east@us.army.mil,2013-12-30T08:58:02,21-51 11 11: Fire and Smoke Detection and Alarm,81_863563,"Autodesk Revit 2014, Build: 20131024_2115(x64)",Autodesk.Revit.DB.Plumbing.PipingSystem,f8da0977-5298-4eca-93b4-f0739c3e3978-000e19b6,Fire Protection System Overall,,,,,,,,,,
Fire Protection,bill.east@us.army.mil,2013-12-30T08:58:02,21-51 11 11: Fire and Smoke Detection and Alarm,82_863564,"Autodesk Revit 2014, Build: 20131024_2115(x64)",Autodesk.Revit.DB.Plumbing.PipingSystem,f8da0977-5298-4eca-93b4-f0739c3e3978-000e19b6,Fire Protection System Overall,,,,,,,,,,
Fire Protection,bill.east@us.army.mil,2013-12-30T08:58:02,21-51 11 11: Fire and Smoke Detection and Alarm,83_863565,"Autodesk Revit 2014, Build: 20131024_2115(x64)",Autodesk.Revit.DB.Plumbing.PipingSystem,f8da0977-5298-4eca-93b4-f0739c3e3978-000e19b6,Fire Protection System Overall,,,,,,,,,,
Fire Protection,bill.east@us.army.mil,2013-12-30T08:58:02,21-51 11 11: Fire and Smoke Detection and Alarm,84_863567,"Autodesk Revit 2014, Build: 20131024_2115(x64)",Autodesk.Revit.DB.Plumbing.PipingSystem,f8da0977-5298-4eca-93b4-f0739c3e3978-000e19b6,Fire Protection System Overall,,,,,,,,,,
Fire Protection,bill.east@us.army.mil,2013-12-30T08:58:02,21-51 11 11: Fire and Smoke Detection and Alarm,85_863568,"Autodesk Revit 2014, Build: 20131024_2115(x64)",Autodesk.Revit.DB.Plumbing.PipingSystem,f8da0977-5298-4eca-93b4-f0739c3e3978-000e19b6,Fire Protection System Overall,,,,,,,,,,
Fire Protection,bill.east@us.army.mil,2013-12-30T08:58:02,21-51 11 11: Fire and Smoke Detection and Alarm,86_863569,"Autodesk Revit 2014, Build: 20131024_2115(x64)",Autodesk.Revit.DB.Plumbing.PipingSystem,f8da0977-5298-4eca-93b4-f0739c3e3978-000e19b6,Fire Protection System Overall,,,,,,,,,,
Fire Protection,bill.east@us.army.mil,2013-12-30T08:58:02,21-51 11 11: Fire and Smoke Detection and Alarm,87_863570,"Autodesk Revit 2014, Build: 20131024_2115(x64)",Autodesk.Revit.DB.Plumbing.PipingSystem,f8da0977-5298-4eca-93b4-f0739c3e3978-000e19b6,Fire Protection System Overall,,,,,,,,,,
Fire Protection,bill.east@us.army.mil,2013-12-30T08:58:02,21-51 11 11: Fire and Smoke Detection and Alarm,88_863571,"Autodesk Revit 2014, Build: 20131024_2115(x64)",Autodesk.Revit.DB.Plumbing.PipingSystem,f8da0977-5298-4eca-93b4-f0739c3e3978-000e19b6,Fire Protection System Overall,,,,,,,,,,
Fire Protection,bill.east@us.army.mil,2013-12-30T08:58:02,21-51 11 11: Fire and Smoke Detection and Alarm,89_863572,"Autodesk Revit 2014, Build: 20131024_2115(x64)",Autodesk.Revit.DB.Plumbing.PipingSystem,f8da0977-5298-4eca-93b4-f0739c3e3978-000e19b6,Fire Protection System Overall,,,,,,,,,,
Fire Protection,bill.east@us.army.mil,2013-12-30T08:58:02,21-51 11 11: Fire and Smoke Detection and Alarm,90_863574,"Autodesk Revit 2014, Build: 20131024_2115(x64)",Autodesk.Revit.DB.Plumbing.PipingSystem,f8da0977-5298-4eca-93b4-f0739c3e3978-000e19b6,Fire Protection System Overall,,,,,,,,,,
Fire Protection,bill.east@us.army.mil,2013-12-30T08:58:02,21-51 11 11: Fire and Smoke Detection and Alarm,91_863575,"Autodesk Revit 2014, Build: 20131024_2115(x64)",Autodesk.Revit.DB.Plumbing.PipingSystem,f8da0977-5298-4eca-93b4-f0739c3e3978-000e19b6,Fire Protection System Overall,,,,,,,,,,
Fire Protection,bill.east@us.army.mil,2013-12-30T08:58:02,21-51 11 11: Fire and Smoke Detection and Alarm,92_863576,"Autodesk Revit 2014, Build: 20131024_2115(x64)",Autodesk.Revit.DB.Plumbing.PipingSystem,f8da0977-5298-4eca-93b4-f0739c3e3978-000e19b6,Fire Protection System Overall,,,,,,,,,,
Fire Protection,bill.east@us.army.mil,2013-12-30T08:58:02,21-51 11 11: Fire and Smoke Detection and Alarm,93_863577,"Autodesk Revit 2014, Build: 20131024_2115(x64)",Autodesk.Revit.DB.Plumbing.PipingSystem,f8da0977-5298-4eca-93b4-f0739c3e3978-000e19b6,Fire Protection System Overall,,,,,,,,,,
Fire Protection,bill.east@us.army.mil,2013-12-30T08:58:02,21-51 11 11: Fire and Smoke Detection and Alarm,94_863579,"Autodesk Revit 2014, Build: 20131024_2115(x64)",Autodesk.Revit.DB.Plumbing.PipingSystem,f8da0977-5298-4eca-93b4-f0739c3e3978-000e19b6,Fire Protection System Overall,,,,,,,,,,
Fire Protection,bill.east@us.army.mil,2013-12-30T08:58:02,21-51 11 11: Fire and Smoke Detection and Alarm,95_863581,"Autodesk Revit 2014, Build: 20131024_2115(x64)",Autodesk.Revit.DB.Plumbing.PipingSystem,f8da0977-5298-4eca-93b4-f0739c3e3978-000e19b6,Fire Protection System Overall,,,,,,,,,,
Fire Protection,bill.east@us.army.mil,2013-12-30T08:58:02,21-51 11 11: Fire and Smoke Detection and Alarm,96_863582,"Autodesk Revit 2014, Build: 20131024_2115(x64)",Autodesk.Revit.DB.Plumbing.PipingSystem,f8da0977-5298-4eca-93b4-f0739c3e3978-000e19b6,Fire Protection System Overall,,,,,,,,,,
Fire Protection,bill.east@us.army.mil,2013-12-30T08:58:02,21-51 11 11: Fire and Smoke Detection and Alarm,97_863584,"Autodesk Revit 2014, Build: 20131024_2115(x64)",Autodesk.Revit.DB.Plumbing.PipingSystem,f8da0977-5298-4eca-93b4-f0739c3e3978-000e19b6,Fire Protection System Overall,,,,,,,,,,
Fire Protection,bill.east@us.army.mil,2013-12-30T08:58:02,21-51 11 11: Fire and Smoke Detection and Alarm,98_863585,"Autodesk Revit 2014, Build: 20131024_2115(x64)",Autodesk.Revit.DB.Plumbing.PipingSystem,f8da0977-5298-4eca-93b4-f0739c3e3978-000e19b6,Fire Protection System Overall,,,,,,,,,,
Fire Protection,bill.east@us.army.mil,2013-12-30T08:58:02,21-51 11 11: Fire and Smoke Detection and Alarm,99_863586,"Autodesk Revit 2014, Build: 20131024_2115(x64)",Autodesk.Revit.DB.Plumbing.PipingSystem,f8da0977-5298-4eca-93b4-f0739c3e3978-000e19b6,Fire Protection System Overall,,,,,,,,,,
Fire Protection,bill.east@us.army.mil,2013-12-30T08:58:02,21-51 11 11: Fire and Smoke Detection and Alarm,100_863588,"Autodesk Revit 2014, Build: 20131024_2115(x64)",Autodesk.Revit.DB.Plumbing.PipingSystem,f8da0977-5298-4eca-93b4-f0739c3e3978-000e19b6,Fire Protection System Overall,,,,,,,,,,
Fire Protection,bill.east@us.army.mil,2013-12-30T08:58:02,21-51 11 11: Fire and Smoke Detection and Alarm,101_863590,"Autodesk Revit 2014, Build: 20131024_2115(x64)",Autodesk.Revit.DB.Plumbing.PipingSystem,f8da0977-5298-4eca-93b4-f0739c3e3978-000e19b6,Fire Protection System Overall,,,,,,,,,,
Fire Protection,bill.east@us.army.mil,2013-12-30T08:58:02,21-51 11 11: Fire and Smoke Detection and Alarm,102_863592,"Autodesk Revit 2014, Build: 20131024_2115(x64)",Autodesk.Revit.DB.Plumbing.PipingSystem,f8da0977-5298-4eca-93b4-f0739c3e3978-000e19b6,Fire Protection System Overall,,,,,,,,,,
Fire Protection,bill.east@us.army.mil,2013-12-30T08:58:02,21-51 11 11: Fire and Smoke Detection and Alarm,103_863594,"Autodesk Revit 2014, Build: 20131024_2115(x64)",Autodesk.Revit.DB.Plumbing.PipingSystem,f8da0977-5298-4eca-93b4-f0739c3e3978-000e19b6,Fire Protection System Overall,,,,,,,,,,
Fire Protection,bill.east@us.army.mil,2013-12-30T08:58:02,21-51 11 11: Fire and Smoke Detection and Alarm,104_863596,"Autodesk Revit 2014, Build: 20131024_2115(x64)",Autodesk.Revit.DB.Plumbing.PipingSystem,f8da0977-5298-4eca-93b4-f0739c3e3978-000e19b6,Fire Protection System Overall,,,,,,,,,,
Fire Protection,bill.east@us.army.mil,2013-12-30T08:58:02,21-51 11 11: Fire and Smoke Detection and Alarm,105_863597,"Autodesk Revit 2014, Build: 20131024_2115(x64)",Autodesk.Revit.DB.Plumbing.PipingSystem,f8da0977-5298-4eca-93b4-f0739c3e3978-000e19b6,Fire Protection System Overall,,,,,,,,,,
Fire Protection,bill.east@us.army.mil,2013-12-30T08:58:02,21-51 11 11: Fire and Smoke Detection and Alarm,106_863599,"Autodesk Revit 2014, Build: 20131024_2115(x64)",Autodesk.Revit.DB.Plumbing.PipingSystem,f8da0977-5298-4eca-93b4-f0739c3e3978-000e19b6,Fire Protection System Overall,,,,,,,,,,
Fire Protection,bill.east@us.army.mil,2013-12-30T08:58:02,21-51 11 11: Fire and Smoke Detection and Alarm,107_863601,"Autodesk Revit 2014, Build: 20131024_2115(x64)",Autodesk.Revit.DB.Plumbing.PipingSystem,f8da0977-5298-4eca-93b4-f0739c3e3978-000e19b6,Fire Protection System Overall,,,,,,,,,,
Fire Protection,bill.east@us.army.mil,2013-12-30T08:58:02,21-51 11 11: Fire and Smoke Detection and Alarm,108_863922,"Autodesk Revit 2014, Build: 20131024_2115(x64)",Autodesk.Revit.DB.Plumbing.PipingSystem,f8da0977-5298-4eca-93b4-f0739c3e3978-000e19b6,Fire Protection System Overall,,,,,,,,,,
Fire Protection,bill.east@us.army.mil,2013-12-30T08:58:02,21-51 11 11: Fire and Smoke Detection and Alarm,109_863923,"Autodesk Revit 2014, Build: 20131024_2115(x64)",Autodesk.Revit.DB.Plumbing.PipingSystem,f8da0977-5298-4eca-93b4-f0739c3e3978-000e19b6,Fire Protection System Overall,,,,,,,,,,
Fire Protection,bill.east@us.army.mil,2013-12-30T08:58:02,21-51 11 11: Fire and Smoke Detection and Alarm,110_863924,"Autodesk Revit 2014, Build: 20131024_2115(x64)",Autodesk.Revit.DB.Plumbing.PipingSystem,f8da0977-5298-4eca-93b4-f0739c3e3978-000e19b6,Fire Protection System Overall,,,,,,,,,,
Fire Protection,bill.east@us.army.mil,2013-12-30T08:58:02,21-51 11 11: Fire and Smoke Detection and Alarm,111_863926,"Autodesk Revit 2014, Build: 20131024_2115(x64)",Autodesk.Revit.DB.Plumbing.PipingSystem,f8da0977-5298-4eca-93b4-f0739c3e3978-000e19b6,Fire Protection System Overall,,,,,,,,,,
Fire Protection,bill.east@us.army.mil,2013-12-30T08:58:02,21-51 11 11: Fire and Smoke Detection and Alarm,112_863927,"Autodesk Revit 2014, Build: 20131024_2115(x64)",Autodesk.Revit.DB.Plumbing.PipingSystem,f8da0977-5298-4eca-93b4-f0739c3e3978-000e19b6,Fire Protection System Overall,,,,,,,,,,
Fire Protection,bill.east@us.army.mil,2013-12-30T08:58:02,21-51 11 11: Fire and Smoke Detection and Alarm,113_863929,"Autodesk Revit 2014, Build: 20131024_2115(x64)",Autodesk.Revit.DB.Plumbing.PipingSystem,f8da0977-5298-4eca-93b4-f0739c3e3978-000e19b6,Fire Protection System Overall,,,,,,,,,,
Fire Protection,bill.east@us.army.mil,2013-12-30T08:58:02,21-51 11 11: Fire and Smoke Detection and Alarm,114_863930,"Autodesk Revit 2014, Build: 20131024_2115(x64)",Autodesk.Revit.DB.Plumbing.PipingSystem,f8da0977-5298-4eca-93b4-f0739c3e3978-000e19b6,Fire Protection System Overall,,,,,,,,,,
Fire Protection,bill.east@us.army.mil,2013-12-30T08:58:02,21-51 11 11: Fire and Smoke Detection and Alarm,115_863931,"Autodesk Revit 2014, Build: 20131024_2115(x64)",Autodesk.Revit.DB.Plumbing.PipingSystem,f8da0977-5298-4eca-93b4-f0739c3e3978-000e19b6,Fire Protection System Overall,,,,,,,,,,
Fire Protection,bill.east@us.army.mil,2013-12-30T08:58:02,21-51 11 11: Fire and Smoke Detection and Alarm,116_863933,"Autodesk Revit 2014, Build: 20131024_2115(x64)",Autodesk.Revit.DB.Plumbing.PipingSystem,f8da0977-5298-4eca-93b4-f0739c3e3978-000e19b6,Fire Protection System Overall,,,,,,,,,,
Fire Protection,bill.east@us.army.mil,2013-12-30T08:58:02,21-51 11 11: Fire and Smoke Detection and Alarm,117_863936,"Autodesk Revit 2014, Build: 20131024_2115(x64)",Autodesk.Revit.DB.Plumbing.PipingSystem,f8da0977-5298-4eca-93b4-f0739c3e3978-000e19b6,Fire Protection System Overall,,,,,,,,,,
Fire Protection,bill.east@us.army.mil,2013-12-30T08:58:02,21-51 11 11: Fire and Smoke Detection and Alarm,118_863938,"Autodesk Revit 2014, Build: 20131024_2115(x64)",Autodesk.Revit.DB.Plumbing.PipingSystem,f8da0977-5298-4eca-93b4-f0739c3e3978-000e19b6,Fire Protection System Overall,,,,,,,,,,
Fire Protection,bill.east@us.army.mil,2013-12-30T08:58:02,21-51 11 11: Fire and Smoke Detection and Alarm,119_863940,"Autodesk Revit 2014, Build: 20131024_2115(x64)",Autodesk.Revit.DB.Plumbing.PipingSystem,f8da0977-5298-4eca-93b4-f0739c3e3978-000e19b6,Fire Protection System Overall,,,,,,,,,,
Fire Protection,bill.east@us.army.mil,2013-12-30T08:58:02,21-51 11 11: Fire and Smoke Detection and Alarm,120_863941,"Autodesk Revit 2014, Build: 20131024_2115(x64)",Autodesk.Revit.DB.Plumbing.PipingSystem,f8da0977-5298-4eca-93b4-f0739c3e3978-000e19b6,Fire Protection System Overall,,,,,,,,,,
Fire Protection,bill.east@us.army.mil,2013-12-30T08:58:02,21-51 11 11: Fire and Smoke Detection and Alarm,121_863943,"Autodesk Revit 2014, Build: 20131024_2115(x64)",Autodesk.Revit.DB.Plumbing.PipingSystem,f8da0977-5298-4eca-93b4-f0739c3e3978-000e19b6,Fire Protection System Overall,,,,,,,,,,
Fire Protection,bill.east@us.army.mil,2013-12-30T08:58:02,21-51 11 11: Fire and Smoke Detection and Alarm,122_863944,"Autodesk Revit 2014, Build: 20131024_2115(x64)",Autodesk.Revit.DB.Plumbing.PipingSystem,f8da0977-5298-4eca-93b4-f0739c3e3978-000e19b6,Fire Protection System Overall,,,,,,,,,,
Fire Protection,bill.east@us.army.mil,2013-12-30T08:58:02,21-51 11 11: Fire and Smoke Detection and Alarm,123_863946,"Autodesk Revit 2014, Build: 20131024_2115(x64)",Autodesk.Revit.DB.Plumbing.PipingSystem,f8da0977-5298-4eca-93b4-f0739c3e3978-000e19b6,Fire Protection System Overall,,,,,,,,,,
Fire Protection,bill.east@us.army.mil,2013-12-30T08:58:02,21-51 11 11: Fire and Smoke Detection and Alarm,124_863948,"Autodesk Revit 2014, Build: 20131024_2115(x64)",Autodesk.Revit.DB.Plumbing.PipingSystem,f8da0977-5298-4eca-93b4-f0739c3e3978-000e19b6,Fire Protection System Overall,,,,,,,,,,
Fire Protection,bill.east@us.army.mil,2013-12-30T08:58:02,21-51 11 11: Fire and Smoke Detection and Alarm,125_863949,"Autodesk Revit 2014, Build: 20131024_2115(x64)",Autodesk.Revit.DB.Plumbing.PipingSystem,f8da0977-5298-4eca-93b4-f0739c3e3978-000e19b6,Fire Protection System Overall,,,,,,,,,,
Fire Protection,bill.east@us.army.mil,2013-12-30T08:58:02,21-51 11 11: Fire and Smoke Detection and Alarm,126_863951,"Autodesk Revit 2014, Build: 20131024_2115(x64)",Autodesk.Revit.DB.Plumbing.PipingSystem,f8da0977-5298-4eca-93b4-f0739c3e3978-000e19b6,Fire Protection System Overall,,,,,,,,,,
Fire Protection,bill.east@us.army.mil,2013-12-30T08:58:02,21-51 11 11: Fire and Smoke Detection and Alarm,127_863953,"Autodesk Revit 2014, Build: 20131024_2115(x64)",Autodesk.Revit.DB.Plumbing.PipingSystem,f8da0977-5298-4eca-93b4-f0739c3e3978-000e19b6,Fire Protection System Overall,,,,,,,,,,
Fire Protection,bill.east@us.army.mil,2013-12-30T08:58:02,21-51 11 11: Fire and Smoke Detection and Alarm,128_863957,"Autodesk Revit 2014, Build: 20131024_2115(x64)",Autodesk.Revit.DB.Plumbing.PipingSystem,f8da0977-5298-4eca-93b4-f0739c3e3978-000e19b6,Fire Protection System Overall,,,,,,,,,,
Fire Protection,bill.east@us.army.mil,2013-12-30T08:58:02,21-51 11 11: Fire and Smoke Detection and Alarm,129_863958,"Autodesk Revit 2014, Build: 20131024_2115(x64)",Autodesk.Revit.DB.Plumbing.PipingSystem,f8da0977-5298-4eca-93b4-f0739c3e3978-000e19b6,Fire Protection System Overall,,,,,,,,,,
Fire Protection,bill.east@us.army.mil,2013-12-30T08:58:02,21-51 11 11: Fire and Smoke Detection and Alarm,131_863963,"Autodesk Revit 2014, Build: 20131024_2115(x64)",Autodesk.Revit.DB.Plumbing.PipingSystem,f8da0977-5298-4eca-93b4-f0739c3e3978-000e19b6,Fire Protection System Overall,,,,,,,,,,
Fire Protection,bill.east@us.army.mil,2013-12-30T08:58:02,21-51 11 11: Fire and Smoke Detection and Alarm,136_863968,"Autodesk Revit 2014, Build: 20131024_2115(x64)",Autodesk.Revit.DB.Plumbing.PipingSystem,f8da0977-5298-4eca-93b4-f0739c3e3978-000e19b6,Fire Protection System Overall,,,,,,,,,,
Fire Protection,bill.east@us.army.mil,2013-12-30T08:58:02,21-51 11 11: Fire and Smoke Detection and Alarm,137_863970,"Autodesk Revit 2014, Build: 20131024_2115(x64)",Autodesk.Revit.DB.Plumbing.PipingSystem,f8da0977-5298-4eca-93b4-f0739c3e3978-000e19b6,Fire Protection System Overall,,,,,,,,,,
Fire Protection,bill.east@us.army.mil,2013-12-30T08:58:02,21-51 11 11: Fire and Smoke Detection and Alarm,138_863972,"Autodesk Revit 2014, Build: 20131024_2115(x64)",Autodesk.Revit.DB.Plumbing.PipingSystem,f8da0977-5298-4eca-93b4-f0739c3e3978-000e19b6,Fire Protection System Overall,,,,,,,,,,
Fire Protection,bill.east@us.army.mil,2013-12-30T08:58:02,21-51 11 11: Fire and Smoke Detection and Alarm,139_863973,"Autodesk Revit 2014, Build: 20131024_2115(x64)",Autodesk.Revit.DB.Plumbing.PipingSystem,f8da0977-5298-4eca-93b4-f0739c3e3978-000e19b6,Fire Protection System Overall,,,,,,,,,,
Fire Protection,bill.east@us.army.mil,2013-12-30T08:58:02,21-51 11 11: Fire and Smoke Detection and Alarm,140_863975,"Autodesk Revit 2014, Build: 20131024_2115(x64)",Autodesk.Revit.DB.Plumbing.PipingSystem,f8da0977-5298-4eca-93b4-f0739c3e3978-000e19b6,Fire Protection System Overall,,,,,,,,,,
Fire Protection,bill.east@us.army.mil,2013-12-30T08:58:02,21-51 11 11: Fire and Smoke Detection and Alarm,141_863977,"Autodesk Revit 2014, Build: 20131024_2115(x64)",Autodesk.Revit.DB.Plumbing.PipingSystem,f8da0977-5298-4eca-93b4-f0739c3e3978-000e19b6,Fire Protection System Overall,,,,,,,,,,
Fire Protection,bill.east@us.army.mil,2013-12-30T08:58:02,21-51 11 11: Fire and Smoke Detection and Alarm,142_863979,"Autodesk Revit 2014, Build: 20131024_2115(x64)",Autodesk.Revit.DB.Plumbing.PipingSystem,f8da0977-5298-4eca-93b4-f0739c3e3978-000e19b6,Fire Protection System Overall,,,,,,,,,,
Fire Protection,bill.east@us.army.mil,2013-12-30T08:58:02,21-51 11 11: Fire and Smoke Detection and Alarm,143_863980,"Autodesk Revit 2014, Build: 20131024_2115(x64)",Autodesk.Revit.DB.Plumbing.PipingSystem,f8da0977-5298-4eca-93b4-f0739c3e3978-000e19b6,Fire Protection System Overall,,,,,,,,,,
Fire Protection,bill.east@us.army.mil,2013-12-30T08:58:02,21-51 11 11: Fire and Smoke Detection and Alarm,144_863986,"Autodesk Revit 2014, Build: 20131024_2115(x64)",Autodesk.Revit.DB.Plumbing.PipingSystem,f8da0977-5298-4eca-93b4-f0739c3e3978-000e19b6,Fire Protection System Overall,,,,,,,,,,
Fire Protection,bill.east@us.army.mil,2013-12-30T08:58:02,21-51 11 11: Fire and Smoke Detection and Alarm,145_863987,"Autodesk Revit 2014, Build: 20131024_2115(x64)",Autodesk.Revit.DB.Plumbing.PipingSystem,f8da0977-5298-4eca-93b4-f0739c3e3978-000e19b6,Fire Protection System Overall,,,,,,,,,,
Fire Protection,bill.east@us.army.mil,2013-12-30T08:58:02,21-51 11 11: Fire and Smoke Detection and Alarm,146_863988,"Autodesk Revit 2014, Build: 20131024_2115(x64)",Autodesk.Revit.DB.Plumbing.PipingSystem,f8da0977-5298-4eca-93b4-f0739c3e3978-000e19b6,Fire Protection System Overall,,,,,,,,,,
Fire Protection,bill.east@us.army.mil,2013-12-30T08:58:02,21-51 11 11: Fire and Smoke Detection and Alarm,147_863989,"Autodesk Revit 2014, Build: 20131024_2115(x64)",Autodesk.Revit.DB.Plumbing.PipingSystem,f8da0977-5298-4eca-93b4-f0739c3e3978-000e19b6,Fire Protection System Overall,,,,,,,,,,
Fire Protection,bill.east@us.army.mil,2013-12-30T08:58:02,21-51 11 11: Fire and Smoke Detection and Alarm,148_863990,"Autodesk Revit 2014, Build: 20131024_2115(x64)",Autodesk.Revit.DB.Plumbing.PipingSystem,f8da0977-5298-4eca-93b4-f0739c3e3978-000e19b6,Fire Protection System Overall,,,,,,,,,,
Fire Protection,bill.east@us.army.mil,2013-12-30T08:58:02,21-51 11 11: Fire and Smoke Detection and Alarm,149_863991,"Autodesk Revit 2014, Build: 20131024_2115(x64)",Autodesk.Revit.DB.Plumbing.PipingSystem,f8da0977-5298-4eca-93b4-f0739c3e3978-000e19b6,Fire Protection System Overall,,,,,,,,,,
Fire Protection,bill.east@us.army.mil,2013-12-30T08:58:02,21-51 11 11: Fire and Smoke Detection and Alarm,150_863993,"Autodesk Revit 2014, Build: 20131024_2115(x64)",Autodesk.Revit.DB.Plumbing.PipingSystem,f8da0977-5298-4eca-93b4-f0739c3e3978-000e19b6,Fire Protection System Overall,,,,,,,,,,
Fire Protection,bill.east@us.army.mil,2013-12-30T08:58:02,21-51 11 11: Fire and Smoke Detection and Alarm,151_863994,"Autodesk Revit 2014, Build: 20131024_2115(x64)",Autodesk.Revit.DB.Plumbing.PipingSystem,f8da0977-5298-4eca-93b4-f0739c3e3978-000e19b6,Fire Protection System Overall,,,,,,,,,,
Fire Protection,bill.east@us.army.mil,2013-12-30T08:58:02,21-51 11 11: Fire and Smoke Detection and Alarm,152_863996,"Autodesk Revit 2014, Build: 20131024_2115(x64)",Autodesk.Revit.DB.Plumbing.PipingSystem,f8da0977-5298-4eca-93b4-f0739c3e3978-000e19b6,Fire Protection System Overall,,,,,,,,,,
Fire Protection,bill.east@us.army.mil,2013-12-30T08:58:02,21-51 11 11: Fire and Smoke Detection and Alarm,153_863997,"Autodesk Revit 2014, Build: 20131024_2115(x64)",Autodesk.Revit.DB.Plumbing.PipingSystem,f8da0977-5298-4eca-93b4-f0739c3e3978-000e19b6,Fire Protection System Overall,,,,,,,,,,
Fire Protection,bill.east@us.army.mil,2013-12-30T08:58:02,21-51 11 11: Fire and Smoke Detection and Alarm,154_863998,"Autodesk Revit 2014, Build: 20131024_2115(x64)",Autodesk.Revit.DB.Plumbing.PipingSystem,f8da0977-5298-4eca-93b4-f0739c3e3978-000e19b6,Fire Protection System Overall,,,,,,,,,,
Fire Protection,bill.east@us.army.mil,2013-12-30T08:58:02,21-51 11 11: Fire and Smoke Detection and Alarm,155_864000,"Autodesk Revit 2014, Build: 20131024_2115(x64)",Autodesk.Revit.DB.Plumbing.PipingSystem,f8da0977-5298-4eca-93b4-f0739c3e3978-000e19b6,Fire Protection System Overall,,,,,,,,,,
Fire Protection,bill.east@us.army.mil,2013-12-30T08:58:02,21-51 11 11: Fire and Smoke Detection and Alarm,156_864001,"Autodesk Revit 2014, Build: 20131024_2115(x64)",Autodesk.Revit.DB.Plumbing.PipingSystem,f8da0977-5298-4eca-93b4-f0739c3e3978-000e19b6,Fire Protection System Overall,,,,,,,,,,
Fire Protection,bill.east@us.army.mil,2013-12-30T08:58:02,21-51 11 11: Fire and Smoke Detection and Alarm,157_864003,"Autodesk Revit 2014, Build: 20131024_2115(x64)",Autodesk.Revit.DB.Plumbing.PipingSystem,f8da0977-5298-4eca-93b4-f0739c3e3978-000e19b6,Fire Protection System Overall,,,,,,,,,,
Fire Protection,bill.east@us.army.mil,2013-12-30T08:58:02,21-51 11 11: Fire and Smoke Detection and Alarm,158_864004,"Autodesk Revit 2014, Build: 20131024_2115(x64)",Autodesk.Revit.DB.Plumbing.PipingSystem,f8da0977-5298-4eca-93b4-f0739c3e3978-000e19b6,Fire Protection System Overall,,,,,,,,,,
Fire Protection,bill.east@us.army.mil,2013-12-30T08:58:02,21-51 11 11: Fire and Smoke Detection and Alarm,159_864006,"Autodesk Revit 2014, Build: 20131024_2115(x64)",Autodesk.Revit.DB.Plumbing.PipingSystem,f8da0977-5298-4eca-93b4-f0739c3e3978-000e19b6,Fire Protection System Overall,,,,,,,,,,
Fire Protection,bill.east@us.army.mil,2013-12-30T08:58:02,21-51 11 11: Fire and Smoke Detection and Alarm,160_864007,"Autodesk Revit 2014, Build: 20131024_2115(x64)",Autodesk.Revit.DB.Plumbing.PipingSystem,f8da0977-5298-4eca-93b4-f0739c3e3978-000e19b6,Fire Protection System Overall,,,,,,,,,,
Fire Protection,bill.east@us.army.mil,2013-12-30T08:58:02,21-51 11 11: Fire and Smoke Detection and Alarm,161_864009,"Autodesk Revit 2014, Build: 20131024_2115(x64)",Autodesk.Revit.DB.Plumbing.PipingSystem,f8da0977-5298-4eca-93b4-f0739c3e3978-000e19b6,Fire Protection System Overall,,,,,,,,,,
Fire Protection,bill.east@us.army.mil,2013-12-30T08:58:02,21-51 11 11: Fire and Smoke Detection and Alarm,162_864012,"Autodesk Revit 2014, Build: 20131024_2115(x64)",Autodesk.Revit.DB.Plumbing.PipingSystem,f8da0977-5298-4eca-93b4-f0739c3e3978-000e19b6,Fire Protection System Overall,,,,,,,,,,
Fire Protection,bill.east@us.army.mil,2013-12-30T08:58:02,21-51 11 11: Fire and Smoke Detection and Alarm,163_864013,"Autodesk Revit 2014, Build: 20131024_2115(x64)",Autodesk.Revit.DB.Plumbing.PipingSystem,f8da0977-5298-4eca-93b4-f0739c3e3978-000e19b6,Fire Protection System Overall,,,,,,,,,,
Fire Protection,bill.east@us.army.mil,2013-12-30T08:58:02,21-51 11 11: Fire and Smoke Detection and Alarm,164_864014,"Autodesk Revit 2014, Build: 20131024_2115(x64)",Autodesk.Revit.DB.Plumbing.PipingSystem,f8da0977-5298-4eca-93b4-f0739c3e3978-000e19b6,Fire Protection System Overall,,,,,,,,,,
Fire Protection,bill.east@us.army.mil,2013-12-30T08:58:02,21-51 11 11: Fire and Smoke Detection and Alarm,165_864015,"Autodesk Revit 2014, Build: 20131024_2115(x64)",Autodesk.Revit.DB.Plumbing.PipingSystem,f8da0977-5298-4eca-93b4-f0739c3e3978-000e19b6,Fire Protection System Overall,,,,,,,,,,
Fire Protection,bill.east@us.army.mil,2013-12-30T08:58:02,21-51 11 11: Fire and Smoke Detection and Alarm,166_864017,"Autodesk Revit 2014, Build: 20131024_2115(x64)",Autodesk.Revit.DB.Plumbing.PipingSystem,f8da0977-5298-4eca-93b4-f0739c3e3978-000e19b6,Fire Protection System Overall,,,,,,,,,,
Fire Protection,bill.east@us.army.mil,2013-12-30T08:58:02,21-51 11 11: Fire and Smoke Detection and Alarm,167_864019,"Autodesk Revit 2014, Build: 20131024_2115(x64)",Autodesk.Revit.DB.Plumbing.PipingSystem,f8da0977-5298-4eca-93b4-f0739c3e3978-000e19b6,Fire Protection System Overall,,,,,,,,,,
Fire Protection,bill.east@us.army.mil,2013-12-30T08:58:02,21-51 11 11: Fire and Smoke Detection and Alarm,168_864021,"Autodesk Revit 2014, Build: 20131024_2115(x64)",Autodesk.Revit.DB.Plumbing.PipingSystem,f8da0977-5298-4eca-93b4-f0739c3e3978-000e19b6,Fire Protection System Overall,,,,,,,,,,
Fire Protection,bill.east@us.army.mil,2013-12-30T08:58:02,21-51 11 11: Fire and Smoke Detection and Alarm,169_864023,"Autodesk Revit 2014, Build: 20131024_2115(x64)",Autodesk.Revit.DB.Plumbing.PipingSystem,f8da0977-5298-4eca-93b4-f0739c3e3978-000e19b6,Fire Protection System Overall,,,,,,,,,,
Fire Protection,bill.east@us.army.mil,2013-12-30T08:58:02,21-51 11 11: Fire and Smoke Detection and Alarm,170_864025,"Autodesk Revit 2014, Build: 20131024_2115(x64)",Autodesk.Revit.DB.Plumbing.PipingSystem,f8da0977-5298-4eca-93b4-f0739c3e3978-000e19b6,Fire Protection System Overall,,,,,,,,,,
Fire Protection,bill.east@us.army.mil,2013-12-30T08:58:02,21-51 11 11: Fire and Smoke Detection and Alarm,174_864031,"Autodesk Revit 2014, Build: 20131024_2115(x64)",Autodesk.Revit.DB.Plumbing.PipingSystem,f8da0977-5298-4eca-93b4-f0739c3e3978-000e19b6,Fire Protection System Overall,,,,,,,,,,
Fire Protection,bill.east@us.army.mil,2013-12-30T08:58:02,21-51 11 11: Fire and Smoke Detection and Alarm,175_864033,"Autodesk Revit 2014, Build: 20131024_2115(x64)",Autodesk.Revit.DB.Plumbing.PipingSystem,f8da0977-5298-4eca-93b4-f0739c3e3978-000e19b6,Fire Protection System Overall,,,,,,,,,,
Fire Protection,bill.east@us.army.mil,2013-12-30T08:58:02,21-51 11 11: Fire and Smoke Detection and Alarm,176_864034,"Autodesk Revit 2014, Build: 20131024_2115(x64)",Autodesk.Revit.DB.Plumbing.PipingSystem,f8da0977-5298-4eca-93b4-f0739c3e3978-000e19b6,Fire Protection System Overall,,,,,,,,,,
Fire Protection,bill.east@us.army.mil,2013-12-30T08:58:02,21-51 11 11: Fire and Smoke Detection and Alarm,177_864035,"Autodesk Revit 2014, Build: 20131024_2115(x64)",Autodesk.Revit.DB.Plumbing.PipingSystem,f8da0977-5298-4eca-93b4-f0739c3e3978-000e19b6,Fire Protection System Overall,,,,,,,,,,
Fire Protection,bill.east@us.army.mil,2013-12-30T08:58:02,21-51 11 11: Fire and Smoke Detection and Alarm,178_864038,"Autodesk Revit 2014, Build: 20131024_2115(x64)",Autodesk.Revit.DB.Plumbing.PipingSystem,f8da0977-5298-4eca-93b4-f0739c3e3978-000e19b6,Fire Protection System Overall,,,,,,,,,,
Fire Protection,bill.east@us.army.mil,2013-12-30T08:58:02,21-51 11 11: Fire and Smoke Detection and Alarm,180_864040,"Autodesk Revit 2014, Build: 20131024_2115(x64)",Autodesk.Revit.DB.Plumbing.PipingSystem,f8da0977-5298-4eca-93b4-f0739c3e3978-000e19b6,Fire Protection System Overall,,,,,,,,,,
Fire Protection,bill.east@us.army.mil,2013-12-30T08:58:02,21-51 11 11: Fire and Smoke Detection and Alarm,181_864041,"Autodesk Revit 2014, Build: 20131024_2115(x64)",Autodesk.Revit.DB.Plumbing.PipingSystem,f8da0977-5298-4eca-93b4-f0739c3e3978-000e19b6,Fire Protection System Overall,,,,,,,,,,
Fire Protection,bill.east@us.army.mil,2013-12-30T08:58:02,21-51 11 11: Fire and Smoke Detection and Alarm,182_864044,"Autodesk Revit 2014, Build: 20131024_2115(x64)",Autodesk.Revit.DB.Plumbing.PipingSystem,f8da0977-5298-4eca-93b4-f0739c3e3978-000e19b6,Fire Protection System Overall,,,,,,,,,,
Fire Protection,bill.east@us.army.mil,2013-12-30T08:58:02,21-51 11 11: Fire and Smoke Detection and Alarm,183_864045,"Autodesk Revit 2014, Build: 20131024_2115(x64)",Autodesk.Revit.DB.Plumbing.PipingSystem,f8da0977-5298-4eca-93b4-f0739c3e3978-000e19b6,Fire Protection System Overall,,,,,,,,,,
Fire Protection,bill.east@us.army.mil,2013-12-30T08:58:02,21-51 11 11: Fire and Smoke Detection and Alarm,184_864046,"Autodesk Revit 2014, Build: 20131024_2115(x64)",Autodesk.Revit.DB.Plumbing.PipingSystem,f8da0977-5298-4eca-93b4-f0739c3e3978-000e19b6,Fire Protection System Overall,,,,,,,,,,
Fire Protection,bill.east@us.army.mil,2013-12-30T08:58:02,21-51 11 11: Fire and Smoke Detection and Alarm,185_864050,"Autodesk Revit 2014, Build: 20131024_2115(x64)",Autodesk.Revit.DB.Plumbing.PipingSystem,f8da0977-5298-4eca-93b4-f0739c3e3978-000e19b6,Fire Protection System Overall,,,,,,,,,,
Fire Protection,bill.east@us.army.mil,2013-12-30T08:58:02,21-51 11 11: Fire and Smoke Detection and Alarm,186_864051,"Autodesk Revit 2014, Build: 20131024_2115(x64)",Autodesk.Revit.DB.Plumbing.PipingSystem,f8da0977-5298-4eca-93b4-f0739c3e3978-000e19b6,Fire Protection System Overall,,,,,,,,,,
Fire Protection,bill.east@us.army.mil,2013-12-30T08:58:02,21-51 11 11: Fire and Smoke Detection and Alarm,187_864052,"Autodesk Revit 2014, Build: 20131024_2115(x64)",Autodesk.Revit.DB.Plumbing.PipingSystem,f8da0977-5298-4eca-93b4-f0739c3e3978-000e19b6,Fire Protection System Overall,,,,,,,,,,
Fire Protection,bill.east@us.army.mil,2013-12-30T08:58:02,21-51 11 11: Fire and Smoke Detection and Alarm,188_864053,"Autodesk Revit 2014, Build: 20131024_2115(x64)",Autodesk.Revit.DB.Plumbing.PipingSystem,f8da0977-5298-4eca-93b4-f0739c3e3978-000e19b6,Fire Protection System Overall,,,,,,,,,,
Fire Protection,bill.east@us.army.mil,2013-12-30T08:58:02,21-51 11 11: Fire and Smoke Detection and Alarm,189_864054,"Autodesk Revit 2014, Build: 20131024_2115(x64)",Autodesk.Revit.DB.Plumbing.PipingSystem,f8da0977-5298-4eca-93b4-f0739c3e3978-000e19b6,Fire Protection System Overall,,,,,,,,,,
Fire Protection,bill.east@us.army.mil,2013-12-30T08:58:02,21-51 11 11: Fire and Smoke Detection and Alarm,190_864055,"Autodesk Revit 2014, Build: 20131024_2115(x64)",Autodesk.Revit.DB.Plumbing.PipingSystem,f8da0977-5298-4eca-93b4-f0739c3e3978-000e19b6,Fire Protection System Overall,,,,,,,,,,
Fire Protection,bill.east@us.army.mil,2013-12-30T08:58:02,21-51 11 11: Fire and Smoke Detection and Alarm,191_864056,"Autodesk Revit 2014, Build: 20131024_2115(x64)",Autodesk.Revit.DB.Plumbing.PipingSystem,f8da0977-5298-4eca-93b4-f0739c3e3978-000e19b6,Fire Protection System Overall,,,,,,,,,,
Fire Protection,bill.east@us.army.mil,2013-12-30T08:58:02,21-51 11 11: Fire and Smoke Detection and Alarm,192_864057,"Autodesk Revit 2014, Build: 20131024_2115(x64)",Autodesk.Revit.DB.Plumbing.PipingSystem,f8da0977-5298-4eca-93b4-f0739c3e3978-000e19b6,Fire Protection System Overall,,,,,,,,,,
Fire Protection,bill.east@us.army.mil,2013-12-30T08:58:02,21-51 11 11: Fire and Smoke Detection and Alarm,193_864058,"Autodesk Revit 2014, Build: 20131024_2115(x64)",Autodesk.Revit.DB.Plumbing.PipingSystem,f8da0977-5298-4eca-93b4-f0739c3e3978-000e19b6,Fire Protection System Overall,,,,,,,,,,
Fire Protection,bill.east@us.army.mil,2013-12-30T08:58:02,21-51 11 11: Fire and Smoke Detection and Alarm,194_864059,"Autodesk Revit 2014, Build: 20131024_2115(x64)",Autodesk.Revit.DB.Plumbing.PipingSystem,f8da0977-5298-4eca-93b4-f0739c3e3978-000e19b6,Fire Protection System Overall,,,,,,,,,,
Fire Protection,bill.east@us.army.mil,2013-12-30T08:58:02,21-51 11 11: Fire and Smoke Detection and Alarm,196_864063,"Autodesk Revit 2014, Build: 20131024_2115(x64)",Autodesk.Revit.DB.Plumbing.PipingSystem,f8da0977-5298-4eca-93b4-f0739c3e3978-000e19b6,Fire Protection System Overall,,,,,,,,,,
Fire Protection,bill.east@us.army.mil,2013-12-30T08:58:02,21-51 11 11: Fire and Smoke Detection and Alarm,197_864064,"Autodesk Revit 2014, Build: 20131024_2115(x64)",Autodesk.Revit.DB.Plumbing.PipingSystem,f8da0977-5298-4eca-93b4-f0739c3e3978-000e19b6,Fire Protection System Overall,,,,,,,,,,
Fire Protection,bill.east@us.army.mil,2013-12-30T08:58:02,21-51 11 11: Fire and Smoke Detection and Alarm,198_864065,"Autodesk Revit 2014, Build: 20131024_2115(x64)",Autodesk.Revit.DB.Plumbing.PipingSystem,f8da0977-5298-4eca-93b4-f0739c3e3978-000e19b6,Fire Protection System Overall,,,,,,,,,,
Fire Protection,bill.east@us.army.mil,2013-12-30T08:58:02,21-51 11 11: Fire and Smoke Detection and Alarm,199_864067,"Autodesk Revit 2014, Build: 20131024_2115(x64)",Autodesk.Revit.DB.Plumbing.PipingSystem,f8da0977-5298-4eca-93b4-f0739c3e3978-000e19b6,Fire Protection System Overall,,,,,,,,,,
Fire Protection,bill.east@us.army.mil,2013-12-30T08:58:02,21-51 11 11: Fire and Smoke Detection and Alarm,200_864069,"Autodesk Revit 2014, Build: 20131024_2115(x64)",Autodesk.Revit.DB.Plumbing.PipingSystem,f8da0977-5298-4eca-93b4-f0739c3e3978-000e19b6,Fire Protection System Overall,,,,,,,,,,
Fire Protection,bill.east@us.army.mil,2013-12-30T08:58:02,21-51 11 11: Fire and Smoke Detection and Alarm,201_864083,"Autodesk Revit 2014, Build: 20131024_2115(x64)",Autodesk.Revit.DB.Plumbing.PipingSystem,f8da0977-5298-4eca-93b4-f0739c3e3978-000e19b6,Fire Protection System Overall,,,,,,,,,,
Fire Protection,bill.east@us.army.mil,2013-12-30T08:58:02,21-51 11 11: Fire and Smoke Detection and Alarm,202_864084,"Autodesk Revit 2014, Build: 20131024_2115(x64)",Autodesk.Revit.DB.Plumbing.PipingSystem,f8da0977-5298-4eca-93b4-f0739c3e3978-000e19b6,Fire Protection System Overall,,,,,,,,,,
Fire Protection,bill.east@us.army.mil,2013-12-30T08:58:02,21-51 11 11: Fire and Smoke Detection and Alarm,203_864085,"Autodesk Revit 2014, Build: 20131024_2115(x64)",Autodesk.Revit.DB.Plumbing.PipingSystem,f8da0977-5298-4eca-93b4-f0739c3e3978-000e19b6,Fire Protection System Overall,,,,,,,,,,
Fire Protection,bill.east@us.army.mil,2013-12-30T08:58:02,21-51 11 11: Fire and Smoke Detection and Alarm,204_864086,"Autodesk Revit 2014, Build: 20131024_2115(x64)",Autodesk.Revit.DB.Plumbing.PipingSystem,f8da0977-5298-4eca-93b4-f0739c3e3978-000e19b6,Fire Protection System Overall,,,,,,,,,,
Fire Protection,bill.east@us.army.mil,2013-12-30T08:58:02,21-51 11 11: Fire and Smoke Detection and Alarm,205_864087,"Autodesk Revit 2014, Build: 20131024_2115(x64)",Autodesk.Revit.DB.Plumbing.PipingSystem,f8da0977-5298-4eca-93b4-f0739c3e3978-000e19b6,Fire Protection System Overall,,,,,,,,,,
Fire Protection,bill.east@us.army.mil,2013-12-30T08:58:02,21-51 11 11: Fire and Smoke Detection and Alarm,206_864094,"Autodesk Revit 2014, Build: 20131024_2115(x64)",Autodesk.Revit.DB.Plumbing.PipingSystem,f8da0977-5298-4eca-93b4-f0739c3e3978-000e19b6,Fire Protection System Overall,,,,,,,,,,
Fire Protection,bill.east@us.army.mil,2013-12-30T08:58:02,21-51 11 11: Fire and Smoke Detection and Alarm,207_864096,"Autodesk Revit 2014, Build: 20131024_2115(x64)",Autodesk.Revit.DB.Plumbing.PipingSystem,f8da0977-5298-4eca-93b4-f0739c3e3978-000e19b6,Fire Protection System Overall,,,,,,,,,,
Fire Protection,bill.east@us.army.mil,2013-12-30T08:58:02,21-51 11 11: Fire and Smoke Detection and Alarm,208_864104,"Autodesk Revit 2014, Build: 20131024_2115(x64)",Autodesk.Revit.DB.Plumbing.PipingSystem,f8da0977-5298-4eca-93b4-f0739c3e3978-000e19b6,Fire Protection System Overall,,,,,,,,,,
Fire Protection,bill.east@us.army.mil,2013-12-30T08:58:02,21-51 11 11: Fire and Smoke Detection and Alarm,209_864105,"Autodesk Revit 2014, Build: 20131024_2115(x64)",Autodesk.Revit.DB.Plumbing.PipingSystem,f8da0977-5298-4eca-93b4-f0739c3e3978-000e19b6,Fire Protection System Overall,,,,,,,,,,
Fire Protection,bill.east@us.army.mil,2013-12-30T08:58:02,21-51 11 11: Fire and Smoke Detection and Alarm,210_864107,"Autodesk Revit 2014, Build: 20131024_2115(x64)",Autodesk.Revit.DB.Plumbing.PipingSystem,f8da0977-5298-4eca-93b4-f0739c3e3978-000e19b6,Fire Protection System Overall,,,,,,,,,,
Fire Protection,bill.east@us.army.mil,2013-12-30T08:58:02,21-51 11 11: Fire and Smoke Detection and Alarm,211_864444,"Autodesk Revit 2014, Build: 20131024_2115(x64)",Autodesk.Revit.DB.Plumbing.PipingSystem,f8da0977-5298-4eca-93b4-f0739c3e3978-000e19b6,Fire Protection System Overall,,,,,,,,,,
Fire Protection,bill.east@us.army.mil,2013-12-30T08:58:02,21-51 11 11: Fire and Smoke Detection and Alarm,212_864448,"Autodesk Revit 2014, Build: 20131024_2115(x64)",Autodesk.Revit.DB.Plumbing.PipingSystem,f8da0977-5298-4eca-93b4-f0739c3e3978-000e19b6,Fire Protection System Overall,,,,,,,,,,
Fire Protection,bill.east@us.army.mil,2013-12-30T08:58:02,21-51 11 11: Fire and Smoke Detection and Alarm,213_864449,"Autodesk Revit 2014, Build: 20131024_2115(x64)",Autodesk.Revit.DB.Plumbing.PipingSystem,f8da0977-5298-4eca-93b4-f0739c3e3978-000e19b6,Fire Protection System Overall,,,,,,,,,,
Fire Protection,bill.east@us.army.mil,2013-12-30T08:58:02,21-51 11 11: Fire and Smoke Detection and Alarm,214_864450,"Autodesk Revit 2014, Build: 20131024_2115(x64)",Autodesk.Revit.DB.Plumbing.PipingSystem,f8da0977-5298-4eca-93b4-f0739c3e3978-000e19b6,Fire Protection System Overall,,,,,,,,,,
Fire Protection,bill.east@us.army.mil,2013-12-30T08:58:02,21-51 11 11: Fire and Smoke Detection and Alarm,Fire Protection Pipe_864506,"Autodesk Revit 2014, Build: 20131024_2115(x64)",Autodesk.Revit.DB.Plumbing.PipingSystem,f8da0977-5298-4eca-93b4-f0739c3e3978-000e19b6,Fire Protection System Overall,,,,,,,,,,
Fire Protection,bill.east@us.army.mil,2013-12-30T08:58:02,21-51 11 11: Fire and Smoke Detection and Alarm,Fire Protection Pipe_864548,"Autodesk Revit 2014, Build: 20131024_2115(x64)",Autodesk.Revit.DB.Plumbing.PipingSystem,f8da0977-5298-4eca-93b4-f0739c3e3978-000e19b6,Fire Protection System Overall,,,,,,,,,,
Fire Protection,bill.east@us.army.mil,2013-12-30T08:58:02,21-51 11 11: Fire and Smoke Detection and Alarm,215_864644,"Autodesk Revit 2014, Build: 20131024_2115(x64)",Autodesk.Revit.DB.Plumbing.PipingSystem,f8da0977-5298-4eca-93b4-f0739c3e3978-000e19b6,Fire Protection System Overall,,,,,,,,,,
Fire Protection,bill.east@us.army.mil,2013-12-30T08:58:02,21-51 11 11: Fire and Smoke Detection and Alarm,FireSprinkler-214,"Autodesk Revit 2014, Build: 20131024_2115(x64)",Autodesk.Revit.DB.Plumbing.PipingSystem,f8da0977-5298-4eca-93b4-f0739c3e3978-000e19b6,Fire Protection System Overall,,,,,,,,,,
Fire Protection,bill.east@us.army.mil,2013-12-30T08:58:02,21-51 11 11: Fire and Smoke Detection and Alarm,217_864646,"Autodesk Revit 2014, Build: 20131024_2115(x64)",Autodesk.Revit.DB.Plumbing.PipingSystem,f8da0977-5298-4eca-93b4-f0739c3e3978-000e19b6,Fire Protection System Overall,,,,,,,,,,
Fire Protection,bill.east@us.army.mil,2013-12-30T08:58:02,21-51 11 11: Fire and Smoke Detection and Alarm,218_864647,"Autodesk Revit 2014, Build: 20131024_2115(x64)",Autodesk.Revit.DB.Plumbing.PipingSystem,f8da0977-5298-4eca-93b4-f0739c3e3978-000e19b6,Fire Protection System Overall,,,,,,,,,,
Fire Protection,bill.east@us.army.mil,2013-12-30T08:58:02,21-51 11 11: Fire and Smoke Detection and Alarm,219_864648,"Autodesk Revit 2014, Build: 20131024_2115(x64)",Autodesk.Revit.DB.Plumbing.PipingSystem,f8da0977-5298-4eca-93b4-f0739c3e3978-000e19b6,Fire Protection System Overall,,,,,,,,,,
Fire Protection,bill.east@us.army.mil,2013-12-30T08:58:02,21-51 11 11: Fire and Smoke Detection and Alarm,220_864649,"Autodesk Revit 2014, Build: 20131024_2115(x64)",Autodesk.Revit.DB.Plumbing.PipingSystem,f8da0977-5298-4eca-93b4-f0739c3e3978-000e19b6,Fire Protection System Overall,,,,,,,,,,
Fire Protection,bill.east@us.army.mil,2013-12-30T08:58:02,21-51 11 11: Fire and Smoke Detection and Alarm,221_864650,"Autodesk Revit 2014, Build: 20131024_2115(x64)",Autodesk.Revit.DB.Plumbing.PipingSystem,f8da0977-5298-4eca-93b4-f0739c3e3978-000e19b6,Fire Protection System Overall,,,,,,,,,,
Fire Protection,bill.east@us.army.mil,2013-12-30T08:58:02,21-51 11 11: Fire and Smoke Detection and Alarm,222_864651,"Autodesk Revit 2014, Build: 20131024_2115(x64)",Autodesk.Revit.DB.Plumbing.PipingSystem,f8da0977-5298-4eca-93b4-f0739c3e3978-000e19b6,Fire Protection System Overall,,,,,,,,,,
Fire Protection,bill.east@us.army.mil,2013-12-30T08:58:02,21-51 11 11: Fire and Smoke Detection and Alarm,223_864652,"Autodesk Revit 2014, Build: 20131024_2115(x64)",Autodesk.Revit.DB.Plumbing.PipingSystem,f8da0977-5298-4eca-93b4-f0739c3e3978-000e19b6,Fire Protection System Overall,,,,,,,,,,
Fire Protection,bill.east@us.army.mil,2013-12-30T08:58:02,21-51 11 11: Fire and Smoke Detection and Alarm,224_864653,"Autodesk Revit 2014, Build: 20131024_2115(x64)",Autodesk.Revit.DB.Plumbing.PipingSystem,f8da0977-5298-4eca-93b4-f0739c3e3978-000e19b6,Fire Protection System Overall,,,,,,,,,,
Fire Protection,bill.east@us.army.mil,2013-12-30T08:58:02,21-51 11 11: Fire and Smoke Detection and Alarm,225_864655,"Autodesk Revit 2014, Build: 20131024_2115(x64)",Autodesk.Revit.DB.Plumbing.PipingSystem,f8da0977-5298-4eca-93b4-f0739c3e3978-000e19b6,Fire Protection System Overall,,,,,,,,,,
Fire Protection,bill.east@us.army.mil,2013-12-30T08:58:02,21-51 11 11: Fire and Smoke Detection and Alarm,227_864658,"Autodesk Revit 2014, Build: 20131024_2115(x64)",Autodesk.Revit.DB.Plumbing.PipingSystem,f8da0977-5298-4eca-93b4-f0739c3e3978-000e19b6,Fire Protection System Overall,,,,,,,,,,
Fire Protection,bill.east@us.army.mil,2013-12-30T08:58:02,21-51 11 11: Fire and Smoke Detection and Alarm,230_864662,"Autodesk Revit 2014, Build: 20131024_2115(x64)",Autodesk.Revit.DB.Plumbing.PipingSystem,f8da0977-5298-4eca-93b4-f0739c3e3978-000e19b6,Fire Protection System Overall,,,,,,,,,,
Fire Protection,bill.east@us.army.mil,2013-12-30T08:58:02,21-51 11 11: Fire and Smoke Detection and Alarm,231_864663,"Autodesk Revit 2014, Build: 20131024_2115(x64)",Autodesk.Revit.DB.Plumbing.PipingSystem,f8da0977-5298-4eca-93b4-f0739c3e3978-000e19b6,Fire Protection System Overall,,,,,,,,,,
Fire Protection,bill.east@us.army.mil,2013-12-30T08:58:02,21-51 11 11: Fire and Smoke Detection and Alarm,232_864664,"Autodesk Revit 2014, Build: 20131024_2115(x64)",Autodesk.Revit.DB.Plumbing.PipingSystem,f8da0977-5298-4eca-93b4-f0739c3e3978-000e19b6,Fire Protection System Overall,,,,,,,,,,
Fire Protection,bill.east@us.army.mil,2013-12-30T08:58:02,21-51 11 11: Fire and Smoke Detection and Alarm,233_864665,"Autodesk Revit 2014, Build: 20131024_2115(x64)",Autodesk.Revit.DB.Plumbing.PipingSystem,f8da0977-5298-4eca-93b4-f0739c3e3978-000e19b6,Fire Protection System Overall,,,,,,,,,,
Fire Protection,bill.east@us.army.mil,2013-12-30T08:58:02,21-51 11 11: Fire and Smoke Detection and Alarm,234_864666,"Autodesk Revit 2014, Build: 20131024_2115(x64)",Autodesk.Revit.DB.Plumbing.PipingSystem,f8da0977-5298-4eca-93b4-f0739c3e3978-000e19b6,Fire Protection System Overall,,,,,,,,,,
Fire Protection,bill.east@us.army.mil,2013-12-30T08:58:02,21-51 11 11: Fire and Smoke Detection and Alarm,235_864667,"Autodesk Revit 2014, Build: 20131024_2115(x64)",Autodesk.Revit.DB.Plumbing.PipingSystem,f8da0977-5298-4eca-93b4-f0739c3e3978-000e19b6,Fire Protection System Overall,,,,,,,,,,
Fire Protection,bill.east@us.army.mil,2013-12-30T08:58:02,21-51 11 11: Fire and Smoke Detection and Alarm,236_864668,"Autodesk Revit 2014, Build: 20131024_2115(x64)",Autodesk.Revit.DB.Plumbing.PipingSystem,f8da0977-5298-4eca-93b4-f0739c3e3978-000e19b6,Fire Protection System Overall,,,,,,,,,,
Fire Protection,bill.east@us.army.mil,2013-12-30T08:58:02,21-51 11 11: Fire and Smoke Detection and Alarm,297_864711,"Autodesk Revit 2014, Build: 20131024_2115(x64)",Autodesk.Revit.DB.Plumbing.PipingSystem,f8da0977-5298-4eca-93b4-f0739c3e3978-000e19b6,Fire Protection System Overall,,,,,,,,,,
Fire Protection,bill.east@us.army.mil,2013-12-30T08:58:02,21-51 11 11: Fire and Smoke Detection and Alarm,298_864712,"Autodesk Revit 2014, Build: 20131024_2115(x64)",Autodesk.Revit.DB.Plumbing.PipingSystem,f8da0977-5298-4eca-93b4-f0739c3e3978-000e19b6,Fire Protection System Overall,,,,,,,,,,
Fire Protection,bill.east@us.army.mil,2013-12-30T08:58:02,21-51 11 11: Fire and Smoke Detection and Alarm,299_864713,"Autodesk Revit 2014, Build: 20131024_2115(x64)",Autodesk.Revit.DB.Plumbing.PipingSystem,f8da0977-5298-4eca-93b4-f0739c3e3978-000e19b6,Fire Protection System Overall,,,,,,,,,,
Fire Protection,bill.east@us.army.mil,2013-12-30T08:58:02,21-51 11 11: Fire and Smoke Detection and Alarm,347_864752,"Autodesk Revit 2014, Build: 20131024_2115(x64)",Autodesk.Revit.DB.Plumbing.PipingSystem,f8da0977-5298-4eca-93b4-f0739c3e3978-000e19b6,Fire Protection System Overall,,,,,,,,,,
Fire Protection,bill.east@us.army.mil,2013-12-30T08:58:02,21-51 11 11: Fire and Smoke Detection and Alarm,349_864754,"Autodesk Revit 2014, Build: 20131024_2115(x64)",Autodesk.Revit.DB.Plumbing.PipingSystem,f8da0977-5298-4eca-93b4-f0739c3e3978-000e19b6,Fire Protection System Overall,,,,,,,,,,
Fire Protection,bill.east@us.army.mil,2013-12-30T08:58:02,21-51 11 11: Fire and Smoke Detection and Alarm,351_864756,"Autodesk Revit 2014, Build: 20131024_2115(x64)",Autodesk.Revit.DB.Plumbing.PipingSystem,f8da0977-5298-4eca-93b4-f0739c3e3978-000e19b6,Fire Protection System Overall,,,,,,,,,,
Fire Protection,bill.east@us.army.mil,2013-12-30T08:58:02,21-51 11 11: Fire and Smoke Detection and Alarm,353_864758,"Autodesk Revit 2014, Build: 20131024_2115(x64)",Autodesk.Revit.DB.Plumbing.PipingSystem,f8da0977-5298-4eca-93b4-f0739c3e3978-000e19b6,Fire Protection System Overall,,,,,,,,,,
Fire Protection,bill.east@us.army.mil,2013-12-30T08:58:02,21-51 11 11: Fire and Smoke Detection and Alarm,376_864787,"Autodesk Revit 2014, Build: 20131024_2115(x64)",Autodesk.Revit.DB.Plumbing.PipingSystem,f8da0977-5298-4eca-93b4-f0739c3e3978-000e19b6,Fire Protection System Overall,,,,,,,,,,
Fire Protection,bill.east@us.army.mil,2013-12-30T08:58:02,21-51 11 11: Fire and Smoke Detection and Alarm,410_864820,"Autodesk Revit 2014, Build: 20131024_2115(x64)",Autodesk.Revit.DB.Plumbing.PipingSystem,f8da0977-5298-4eca-93b4-f0739c3e3978-000e19b6,Fire Protection System Overall,,,,,,,,,,
Fire Protection,bill.east@us.army.mil,2013-12-30T08:58:02,21-51 11 11: Fire and Smoke Detection and Alarm,413_864823,"Autodesk Revit 2014, Build: 20131024_2115(x64)",Autodesk.Revit.DB.Plumbing.PipingSystem,f8da0977-5298-4eca-93b4-f0739c3e3978-000e19b6,Fire Protection System Overall,,,,,,,,,,
Fire Protection,bill.east@us.army.mil,2013-12-30T08:58:02,21-51 11 11: Fire and Smoke Detection and Alarm,414_864824,"Autodesk Revit 2014, Build: 20131024_2115(x64)",Autodesk.Revit.DB.Plumbing.PipingSystem,f8da0977-5298-4eca-93b4-f0739c3e3978-000e19b6,Fire Protection System Overall,,,,,,,,,,
Fire Protection,bill.east@us.army.mil,2013-12-30T08:58:02,21-51 11 11: Fire and Smoke Detection and Alarm,415_864825,"Autodesk Revit 2014, Build: 20131024_2115(x64)",Autodesk.Revit.DB.Plumbing.PipingSystem,f8da0977-5298-4eca-93b4-f0739c3e3978-000e19b6,Fire Protection System Overall,,,,,,,,,,
Fire Protection,bill.east@us.army.mil,2013-12-30T08:58:02,21-51 11 11: Fire and Smoke Detection and Alarm,416_864826,"Autodesk Revit 2014, Build: 20131024_2115(x64)",Autodesk.Revit.DB.Plumbing.PipingSystem,f8da0977-5298-4eca-93b4-f0739c3e3978-000e19b6,Fire Protection System Overall,,,,,,,,,,
Fire Protection,bill.east@us.army.mil,2013-12-30T08:58:02,21-51 11 11: Fire and Smoke Detection and Alarm,420_864830,"Autodesk Revit 2014, Build: 20131024_2115(x64)",Autodesk.Revit.DB.Plumbing.PipingSystem,f8da0977-5298-4eca-93b4-f0739c3e3978-000e19b6,Fire Protection System Overall,,,,,,,,,,
Fire Protection,bill.east@us.army.mil,2013-12-30T08:58:02,21-51 11 11: Fire and Smoke Detection and Alarm,Fire Protection Pipe_864850,"Autodesk Revit 2014, Build: 20131024_2115(x64)",Autodesk.Revit.DB.Plumbing.PipingSystem,f8da0977-5298-4eca-93b4-f0739c3e3978-000e19b6,Fire Protection System Overall,,,,,,,,,,
Fire Protection,bill.east@us.army.mil,2013-12-30T08:58:02,21-51 11 11: Fire and Smoke Detection and Alarm,Fire Protection Pipe_864869,"Autodesk Revit 2014, Build: 20131024_2115(x64)",Autodesk.Revit.DB.Plumbing.PipingSystem,f8da0977-5298-4eca-93b4-f0739c3e3978-000e19b6,Fire Protection System Overall,,,,,,,,,,
Fire Protection,bill.east@us.army.mil,2013-12-30T08:58:02,21-51 11 11: Fire and Smoke Detection and Alarm,Fire Protection Pipe_864875,"Autodesk Revit 2014, Build: 20131024_2115(x64)",Autodesk.Revit.DB.Plumbing.PipingSystem,f8da0977-5298-4eca-93b4-f0739c3e3978-000e19b6,Fire Protection System Overall,,,,,,,,,,
Fire Protection,bill.east@us.army.mil,2013-12-30T08:58:02,21-51 11 11: Fire and Smoke Detection and Alarm,Fire Protection Pipe_864907,"Autodesk Revit 2014, Build: 20131024_2115(x64)",Autodesk.Revit.DB.Plumbing.PipingSystem,f8da0977-5298-4eca-93b4-f0739c3e3978-000e19b6,Fire Protection System Overall,,,,,,,,,,
Fire Protection,bill.east@us.army.mil,2013-12-30T08:58:02,21-51 11 11: Fire and Smoke Detection and Alarm,Fire Protection Pipe_864910,"Autodesk Revit 2014, Build: 20131024_2115(x64)",Autodesk.Revit.DB.Plumbing.PipingSystem,f8da0977-5298-4eca-93b4-f0739c3e3978-000e19b6,Fire Protection System Overall,,,,,,,,,,
Fire Protection,bill.east@us.army.mil,2013-12-30T08:58:02,21-51 11 11: Fire and Smoke Detection and Alarm,Fire Protection Pipe_864921,"Autodesk Revit 2014, Build: 20131024_2115(x64)",Autodesk.Revit.DB.Plumbing.PipingSystem,f8da0977-5298-4eca-93b4-f0739c3e3978-000e19b6,Fire Protection System Overall,,,,,,,,,,
Fire Protection,bill.east@us.army.mil,2013-12-30T08:58:02,21-51 11 11: Fire and Smoke Detection and Alarm,Fire Protection Pipe_864927,"Autodesk Revit 2014, Build: 20131024_2115(x64)",Autodesk.Revit.DB.Plumbing.PipingSystem,f8da0977-5298-4eca-93b4-f0739c3e3978-000e19b6,Fire Protection System Overall,,,,,,,,,,
Fire Protection,bill.east@us.army.mil,2013-12-30T08:58:02,21-51 11 11: Fire and Smoke Detection and Alarm,426_864949,"Autodesk Revit 2014, Build: 20131024_2115(x64)",Autodesk.Revit.DB.Plumbing.PipingSystem,f8da0977-5298-4eca-93b4-f0739c3e3978-000e19b6,Fire Protection System Overall,,,,,,,,,,
Fire Protection,bill.east@us.army.mil,2013-12-30T08:58:02,21-51 11 11: Fire and Smoke Detection and Alarm,427_864950,"Autodesk Revit 2014, Build: 20131024_2115(x64)",Autodesk.Revit.DB.Plumbing.PipingSystem,f8da0977-5298-4eca-93b4-f0739c3e3978-000e19b6,Fire Protection System Overall,,,,,,,,,,
Fire Protection,bill.east@us.army.mil,2013-12-30T08:58:02,21-51 11 11: Fire and Smoke Detection and Alarm,Fire Protection Pipe_864982,"Autodesk Revit 2014, Build: 20131024_2115(x64)",Autodesk.Revit.DB.Plumbing.PipingSystem,f8da0977-5298-4eca-93b4-f0739c3e3978-000e19b6,Fire Protection System Overall,,,,,,,,,,
Fire Protection,bill.east@us.army.mil,2013-12-30T08:58:02,21-51 11 11: Fire and Smoke Detection and Alarm,Fire Protection Pipe_865013,"Autodesk Revit 2014, Build: 20131024_2115(x64)",Autodesk.Revit.DB.Plumbing.PipingSystem,f8da0977-5298-4eca-93b4-f0739c3e3978-000e19b6,Fire Protection System Overall,,,,,,,,,,
Fire Protection,bill.east@us.army.mil,2013-12-30T08:58:02,21-51 11 11: Fire and Smoke Detection and Alarm,Fire Protection Pipe_865016,"Autodesk Revit 2014, Build: 20131024_2115(x64)",Autodesk.Revit.DB.Plumbing.PipingSystem,f8da0977-5298-4eca-93b4-f0739c3e3978-000e19b6,Fire Protection System Overall,,,,,,,,,,
Fire Protection,bill.east@us.army.mil,2013-12-30T08:58:02,21-51 11 11: Fire and Smoke Detection and Alarm,Fire Protection Pipe_865027,"Autodesk Revit 2014, Build: 20131024_2115(x64)",Autodesk.Revit.DB.Plumbing.PipingSystem,f8da0977-5298-4eca-93b4-f0739c3e3978-000e19b6,Fire Protection System Overall,,,,,,,,,,
Fire Protection,bill.east@us.army.mil,2013-12-30T08:58:02,21-51 11 11: Fire and Smoke Detection and Alarm,Fire Protection Pipe_865033,"Autodesk Revit 2014, Build: 20131024_2115(x64)",Autodesk.Revit.DB.Plumbing.PipingSystem,f8da0977-5298-4eca-93b4-f0739c3e3978-000e19b6,Fire Protection System Overall,,,,,,,,,,
Fire Protection,bill.east@us.army.mil,2013-12-30T08:58:02,21-51 11 11: Fire and Smoke Detection and Alarm,Fire Protection Pipe_865053,"Autodesk Revit 2014, Build: 20131024_2115(x64)",Autodesk.Revit.DB.Plumbing.PipingSystem,f8da0977-5298-4eca-93b4-f0739c3e3978-000e19b6,Fire Protection System Overall,,,,,,,,,,
Fire Protection,bill.east@us.army.mil,2013-12-30T08:58:02,21-51 11 11: Fire and Smoke Detection and Alarm,Fire Protection Pipe_865056,"Autodesk Revit 2014, Build: 20131024_2115(x64)",Autodesk.Revit.DB.Plumbing.PipingSystem,f8da0977-5298-4eca-93b4-f0739c3e3978-000e19b6,Fire Protection System Overall,,,,,,,,,,
Fire Protection,bill.east@us.army.mil,2013-12-30T08:58:02,21-51 11 11: Fire and Smoke Detection and Alarm,Fire Protection Pipe_865067,"Autodesk Revit 2014, Build: 20131024_2115(x64)",Autodesk.Revit.DB.Plumbing.PipingSystem,f8da0977-5298-4eca-93b4-f0739c3e3978-000e19b6,Fire Protection System Overall,,,,,,,,,,
Fire Protection,bill.east@us.army.mil,2013-12-30T08:58:02,21-51 11 11: Fire and Smoke Detection and Alarm,Fire Protection Pipe_865073,"Autodesk Revit 2014, Build: 20131024_2115(x64)",Autodesk.Revit.DB.Plumbing.PipingSystem,f8da0977-5298-4eca-93b4-f0739c3e3978-000e19b6,Fire Protection System Overall,,,,,,,,,,
Fire Protection,bill.east@us.army.mil,2013-12-30T08:58:02,21-51 11 11: Fire and Smoke Detection and Alarm,Fire Protection Pipe_865093,"Autodesk Revit 2014, Build: 20131024_2115(x64)",Autodesk.Revit.DB.Plumbing.PipingSystem,f8da0977-5298-4eca-93b4-f0739c3e3978-000e19b6,Fire Protection System Overall,,,,,,,,,,
Fire Protection,bill.east@us.army.mil,2013-12-30T08:58:02,21-51 11 11: Fire and Smoke Detection and Alarm,Fire Protection Pipe_865096,"Autodesk Revit 2014, Build: 20131024_2115(x64)",Autodesk.Revit.DB.Plumbing.PipingSystem,f8da0977-5298-4eca-93b4-f0739c3e3978-000e19b6,Fire Protection System Overall,,,,,,,,,,
Fire Protection,bill.east@us.army.mil,2013-12-30T08:58:02,21-51 11 11: Fire and Smoke Detection and Alarm,Fire Protection Pipe_865107,"Autodesk Revit 2014, Build: 20131024_2115(x64)",Autodesk.Revit.DB.Plumbing.PipingSystem,f8da0977-5298-4eca-93b4-f0739c3e3978-000e19b6,Fire Protection System Overall,,,,,,,,,,
Fire Protection,bill.east@us.army.mil,2013-12-30T08:58:02,21-51 11 11: Fire and Smoke Detection and Alarm,Fire Protection Pipe_865113,"Autodesk Revit 2014, Build: 20131024_2115(x64)",Autodesk.Revit.DB.Plumbing.PipingSystem,f8da0977-5298-4eca-93b4-f0739c3e3978-000e19b6,Fire Protection System Overall,,,,,,,,,,
Fire Protection,bill.east@us.army.mil,2013-12-30T08:58:02,21-51 11 11: Fire and Smoke Detection and Alarm,Fire Protection Pipe_865133,"Autodesk Revit 2014, Build: 20131024_2115(x64)",Autodesk.Revit.DB.Plumbing.PipingSystem,f8da0977-5298-4eca-93b4-f0739c3e3978-000e19b6,Fire Protection System Overall,,,,,,,,,,
Fire Protection,bill.east@us.army.mil,2013-12-30T08:58:02,21-51 11 11: Fire and Smoke Detection and Alarm,Fire Protection Pipe_865136,"Autodesk Revit 2014, Build: 20131024_2115(x64)",Autodesk.Revit.DB.Plumbing.PipingSystem,f8da0977-5298-4eca-93b4-f0739c3e3978-000e19b6,Fire Protection System Overall,,,,,,,,,,
Fire Protection,bill.east@us.army.mil,2013-12-30T08:58:02,21-51 11 11: Fire and Smoke Detection and Alarm,Fire Protection Pipe_865147,"Autodesk Revit 2014, Build: 20131024_2115(x64)",Autodesk.Revit.DB.Plumbing.PipingSystem,f8da0977-5298-4eca-93b4-f0739c3e3978-000e19b6,Fire Protection System Overall,,,,,,,,,,
Fire Protection,bill.east@us.army.mil,2013-12-30T08:58:02,21-51 11 11: Fire and Smoke Detection and Alarm,Fire Protection Pipe_865153,"Autodesk Revit 2014, Build: 20131024_2115(x64)",Autodesk.Revit.DB.Plumbing.PipingSystem,f8da0977-5298-4eca-93b4-f0739c3e3978-000e19b6,Fire Protection System Overall,,,,,,,,,,
Fire Protection,bill.east@us.army.mil,2013-12-30T08:58:02,21-51 11 11: Fire and Smoke Detection and Alarm,Fire Protection Pipe_865173,"Autodesk Revit 2014, Build: 20131024_2115(x64)",Autodesk.Revit.DB.Plumbing.PipingSystem,f8da0977-5298-4eca-93b4-f0739c3e3978-000e19b6,Fire Protection System Overall,,,,,,,,,,
Fire Protection,bill.east@us.army.mil,2013-12-30T08:58:02,21-51 11 11: Fire and Smoke Detection and Alarm,Fire Protection Pipe_865176,"Autodesk Revit 2014, Build: 20131024_2115(x64)",Autodesk.Revit.DB.Plumbing.PipingSystem,f8da0977-5298-4eca-93b4-f0739c3e3978-000e19b6,Fire Protection System Overall,,,,,,,,,,
Fire Protection,bill.east@us.army.mil,2013-12-30T08:58:02,21-51 11 11: Fire and Smoke Detection and Alarm,Fire Protection Pipe_865192,"Autodesk Revit 2014, Build: 20131024_2115(x64)",Autodesk.Revit.DB.Plumbing.PipingSystem,f8da0977-5298-4eca-93b4-f0739c3e3978-000e19b6,Fire Protection System Overall,,,,,,,,,,
Fire Protection,bill.east@us.army.mil,2013-12-30T08:58:02,21-51 11 11: Fire and Smoke Detection and Alarm,Fire Protection Fitting_865196,"Autodesk Revit 2014, Build: 20131024_2115(x64)",Autodesk.Revit.DB.Plumbing.PipingSystem,f8da0977-5298-4eca-93b4-f0739c3e3978-000e19b6,Fire Protection System Overall,,,,,,,,,,
Fire Protection,bill.east@us.army.mil,2013-12-30T08:58:02,21-51 11 11: Fire and Smoke Detection and Alarm,Fire Protection Fitting_865199,"Autodesk Revit 2014, Build: 20131024_2115(x64)",Autodesk.Revit.DB.Plumbing.PipingSystem,f8da0977-5298-4eca-93b4-f0739c3e3978-000e19b6,Fire Protection System Overall,,,,,,,,,,
Fire Protection,bill.east@us.army.mil,2013-12-30T08:58:02,21-51 11 11: Fire and Smoke Detection and Alarm,Fire Protection Fitting_865202,"Autodesk Revit 2014, Build: 20131024_2115(x64)",Autodesk.Revit.DB.Plumbing.PipingSystem,f8da0977-5298-4eca-93b4-f0739c3e3978-000e19b6,Fire Protection System Overall,,,,,,,,,,
Fire Protection,bill.east@us.army.mil,2013-12-30T08:58:02,21-51 11 11: Fire and Smoke Detection and Alarm,Fire Protection Fitting_865205,"Autodesk Revit 2014, Build: 20131024_2115(x64)",Autodesk.Revit.DB.Plumbing.PipingSystem,f8da0977-5298-4eca-93b4-f0739c3e3978-000e19b6,Fire Protection System Overall,,,,,,,,,,
Fire Protection,bill.east@us.army.mil,2013-12-30T08:58:02,21-51 11 11: Fire and Smoke Detection and Alarm,Fire Protection Pipe_865215,"Autodesk Revit 2014, Build: 20131024_2115(x64)",Autodesk.Revit.DB.Plumbing.PipingSystem,f8da0977-5298-4eca-93b4-f0739c3e3978-000e19b6,Fire Protection System Overall,,,,,,,,,,
Fire Protection,bill.east@us.army.mil,2013-12-30T08:58:02,21-51 11 11: Fire and Smoke Detection and Alarm,Fire Protection Pipe_865219,"Autodesk Revit 2014, Build: 20131024_2115(x64)",Autodesk.Revit.DB.Plumbing.PipingSystem,f8da0977-5298-4eca-93b4-f0739c3e3978-000e19b6,Fire Protection System Overall,,,,,,,,,,
Fire Protection,bill.east@us.army.mil,2013-12-30T08:58:02,21-51 11 11: Fire and Smoke Detection and Alarm,Fire Protection Pipe_865292,"Autodesk Revit 2014, Build: 20131024_2115(x64)",Autodesk.Revit.DB.Plumbing.PipingSystem,f8da0977-5298-4eca-93b4-f0739c3e3978-000e19b6,Fire Protection System Overall,,,,,,,,,,
Fire Protection,bill.east@us.army.mil,2013-12-30T08:58:02,21-51 11 11: Fire and Smoke Detection and Alarm,Fire Protection Pipe_865296,"Autodesk Revit 2014, Build: 20131024_2115(x64)",Autodesk.Revit.DB.Plumbing.PipingSystem,f8da0977-5298-4eca-93b4-f0739c3e3978-000e19b6,Fire Protection System Overall,,,,,,,,,,
Fire Protection,bill.east@us.army.mil,2013-12-30T08:58:02,21-51 11 11: Fire and Smoke Detection and Alarm,Fire Protection Pipe_865330,"Autodesk Revit 2014, Build: 20131024_2115(x64)",Autodesk.Revit.DB.Plumbing.PipingSystem,f8da0977-5298-4eca-93b4-f0739c3e3978-000e19b6,Fire Protection System Overall,,,,,,,,,,
Fire Protection,bill.east@us.army.mil,2013-12-30T08:58:02,21-51 11 11: Fire and Smoke Detection and Alarm,Fire Protection Pipe_865334,"Autodesk Revit 2014, Build: 20131024_2115(x64)",Autodesk.Revit.DB.Plumbing.PipingSystem,f8da0977-5298-4eca-93b4-f0739c3e3978-000e19b6,Fire Protection System Overall,,,,,,,,,,
Fire Protection,bill.east@us.army.mil,2013-12-30T08:58:02,21-51 11 11: Fire and Smoke Detection and Alarm,Fire Protection Pipe_865386,"Autodesk Revit 2014, Build: 20131024_2115(x64)",Autodesk.Revit.DB.Plumbing.PipingSystem,f8da0977-5298-4eca-93b4-f0739c3e3978-000e19b6,Fire Protection System Overall,,,,,,,,,,
Fire Protection,bill.east@us.army.mil,2013-12-30T08:58:02,21-51 11 11: Fire and Smoke Detection and Alarm,Fire Protection Pipe_865389,"Autodesk Revit 2014, Build: 20131024_2115(x64)",Autodesk.Revit.DB.Plumbing.PipingSystem,f8da0977-5298-4eca-93b4-f0739c3e3978-000e19b6,Fire Protection System Overall,,,,,,,,,,
Fire Protection,bill.east@us.army.mil,2013-12-30T08:58:02,21-51 11 11: Fire and Smoke Detection and Alarm,Fire Protection Pipe_865466,"Autodesk Revit 2014, Build: 20131024_2115(x64)",Autodesk.Revit.DB.Plumbing.PipingSystem,f8da0977-5298-4eca-93b4-f0739c3e3978-000e19b6,Fire Protection System Overall,,,,,,,,,,
Fire Protection,bill.east@us.army.mil,2013-12-30T08:58:02,21-51 11 11: Fire and Smoke Detection and Alarm,Fire Protection Pipe_865484,"Autodesk Revit 2014, Build: 20131024_2115(x64)",Autodesk.Revit.DB.Plumbing.PipingSystem,f8da0977-5298-4eca-93b4-f0739c3e3978-000e19b6,Fire Protection System Overall,,,,,,,,,,
Fire Protection,bill.east@us.army.mil,2013-12-30T08:58:02,21-51 11 11: Fire and Smoke Detection and Alarm,Fire Protection Pipe_865495,"Autodesk Revit 2014, Build: 20131024_2115(x64)",Autodesk.Revit.DB.Plumbing.PipingSystem,f8da0977-5298-4eca-93b4-f0739c3e3978-000e19b6,Fire Protection System Overall,,,,,,,,,,
Fire Protection,bill.east@us.army.mil,2013-12-30T08:58:02,21-51 11 11: Fire and Smoke Detection and Alarm,Fire Protection Pipe_865500,"Autodesk Revit 2014, Build: 20131024_2115(x64)",Autodesk.Revit.DB.Plumbing.PipingSystem,f8da0977-5298-4eca-93b4-f0739c3e3978-000e19b6,Fire Protection System Overall,,,,,,,,,,
Fire Protection,bill.east@us.army.mil,2013-12-30T08:58:02,21-51 11 11: Fire and Smoke Detection and Alarm,Fire Protection Pipe_865526,"Autodesk Revit 2014, Build: 20131024_2115(x64)",Autodesk.Revit.DB.Plumbing.PipingSystem,f8da0977-5298-4eca-93b4-f0739c3e3978-000e19b6,Fire Protection System Overall,,,,,,,,,,
Fire Protection,bill.east@us.army.mil,2013-12-30T08:58:02,21-51 11 11: Fire and Smoke Detection and Alarm,Fire Protection Pipe_865532,"Autodesk Revit 2014, Build: 20131024_2115(x64)",Autodesk.Revit.DB.Plumbing.PipingSystem,f8da0977-5298-4eca-93b4-f0739c3e3978-000e19b6,Fire Protection System Overall,,,,,,,,,,
Fire Protection,bill.east@us.army.mil,2013-12-30T08:58:02,21-51 11 11: Fire and Smoke Detection and Alarm,Fire Protection Pipe_865732,"Autodesk Revit 2014, Build: 20131024_2115(x64)",Autodesk.Revit.DB.Plumbing.PipingSystem,f8da0977-5298-4eca-93b4-f0739c3e3978-000e19b6,Fire Protection System Overall,,,,,,,,,,
Fire Protection,bill.east@us.army.mil,2013-12-30T08:58:02,21-51 11 11: Fire and Smoke Detection and Alarm,Fire Protection Pipe_866773,"Autodesk Revit 2014, Build: 20131024_2115(x64)",Autodesk.Revit.DB.Plumbing.PipingSystem,f8da0977-5298-4eca-93b4-f0739c3e3978-000e19b6,Fire Protection System Overall,,,,,,,,,,
Direct Digital Control System,mariangelica.carrasquillo@usace.army.mil,2013-12-30T08:57:57,21-81 61 62 21: HVAC Measurement and Control Equipment,Lighting and Appliance Panelboard- 01,"Autodesk Revit 2014, Build: 20131024_2115(x64)",Autodesk.Revit.DB.Electrical.ElectricalSystem,f8da0977-5298-4eca-93b4-f0739c3e3978-000e19d8,Direct Digital Control System Overall,,,,,,,,,,
